,ticker,date,price,Daily Return Value today,Daily Return Value yesterday,Daily Return Value tomorrow,Company,Location_HQ,Industry,Laid_Off_Count,Percentage,Stage,Country,Market Daily Return Value today,Market Daily Return Value tomorrow,diff,l_Laid_Off_Count,l_diff
0,ABNB,2020-05-05,,,,,Airbnb,SF Bay Area,Travel,1900.0,0.25,Private Equity,United States,0.009040556385797371,-0.006979410390386298,,7.549609165154532,
1,ABNB,2023-03-03,125.7300033569336,0.027373804369178245,0.012827902001776748,0.0,Airbnb,SF Bay Area,Travel,30.0,,Post-IPO,United States,0.0161477371607488,0.0006871667698291617,0.011226067208429447,3.4011973816621555,-4.489516775625477
2,ACCD,2023-03-03,13.300000190734863,0.0751819170395851,-0.0016142419055259483,0.0,Accolade,Seattle,Healthcare,,,Post-IPO,United States,0.0161477371607488,0.0006871667698291617,0.0590341798788363,,-2.8296386828371802
3,EMBK,2023-03-03,3.809999942779541,-0.04511279857818873,-0.029197109508376284,0.0,Embark Trucks,SF Bay Area,Transportation,230.0,0.7,Post-IPO,United States,0.0161477371607488,0.0006871667698291617,-0.06126053573893753,5.438079308923196,
4,ABSI,2022-08-09,3.900000095367432,0.007751992427776466,0.04312664306387015,0.07692300168250132,Absci,Vancouver,Healthcare,40.0,,Post-IPO,United States,-0.004248692893594086,0.021290637641290244,0.012000685321370552,3.6888794541139363,-4.4227915207106445
5,BLI,2022-08-09,4.96999979019165,-0.04054054924830486,-0.01520920096237699,0.03420524818319759,Berkeley Lights,SF Bay Area,Healthcare,,0.12,Post-IPO,United States,-0.004248692893594086,0.021290637641290244,-0.03629185635471077,,
6,GOCO,2022-08-09,8.774999618530273,-0.05645167327282663,0.169811372812412,0.07350432886647829,GoHealth,Chicago,Healthcare,800.0,0.2,Post-IPO,United States,-0.004248692893594086,0.021290637641290244,-0.052202980379232544,6.684611727667927,
7,KLTR,2022-08-09,2.380000114440918,-0.10526314374246704,-0.018450166646666433,0.09663855865357229,Kaltura,New York City,Media,,0.1,Post-IPO,United States,-0.004248692893594086,0.021290637641290244,-0.10101445084887295,,
8,NTNX,2022-08-09,16.670000076293945,-0.03641613806646882,0.02306324028194018,0.040191966000452384,Nutanix,SF Bay Area,Infrastructure,270.0,0.04,Post-IPO,United States,-0.004248692893594086,0.021290637641290244,-0.03216744517287473,5.598421958998375,
9,QTRX,2022-08-09,7.460000038146973,-0.5476046002612455,-0.05609614085600978,0.14745313349126477,Quanterix,Boston,Healthcare,130.0,0.25,Post-IPO,United States,-0.004248692893594086,0.021290637641290244,-0.5433559073676514,4.867534450455582,
10,SFT,2022-08-09,12.800000190734863,-0.16339869077347535,0.09285715648106163,0.015624984866008385,Shift,SF Bay Area,Transportation,,,Post-IPO,United States,-0.004248692893594086,0.021290637641290244,-0.15914999787988127,,
11,SG,2022-08-09,16.850000381469727,-0.04206934421255781,-0.03616437520066351,0.08011871518735081,Sweetgreen,Los Angeles,Food,,,Post-IPO,United States,-0.004248692893594086,0.021290637641290244,-0.03782065131896373,,
12,ADBE,2022-12-06,331.1499938964844,-0.008800031349734838,-0.02178433071179242,-0.013498418550780378,Adobe,SF Bay Area,Marketing,100.0,,Post-IPO,United States,-0.014399194981406072,-0.0018623708845491027,0.005599163631671233,4.605170185988092,-5.1851380438823576
13,BZFD,2022-12-06,1.0700000524520874,-0.061403450983492314,-0.017241363363798556,-0.028037466475174466,BuzzFeed,New York City,Media,180.0,0.12,Post-IPO,United States,-0.014399194981406072,-0.0018623708845491027,-0.04700425600208624,5.19295685089021,
14,DOMA,2022-12-06,0.4009999930858612,-0.019559941395082436,-0.026190423647831196,-0.02493763250792802,Doma,SF Bay Area,Finance,515.0,0.4,Post-IPO,United States,-0.014399194981406072,-0.0018623708845491027,-0.005160746413676365,6.244166900663736,
15,INTC,2022-12-06,28.25570678710937,-0.019540649431230683,-0.008160465925226679,-0.009440582665412256,Intel,SF Bay Area,Hardware,201.0,,Post-IPO,United States,-0.014399194981406072,-0.0018623708845491027,-0.005141454449824612,5.303304908059076,
16,ZUO,2022-12-06,7.210000038146973,-0.02303524033303128,-0.08550180997229029,-0.20110954252335878,Zuora,SF Bay Area,Finance,,0.11,Post-IPO,United States,-0.014399194981406072,-0.0018623708845491027,-0.00863604535162521,,
17,ADPT,2022-03-08,11.699999809265137,0.0,-0.03624386504236188,0.09572648750576596,Adaptive Biotechnologies,Seattle,Healthcare,100.0,0.12,Post-IPO,United States,-0.00723375351819977,0.02569824789143582,0.00723375351819977,4.605170185988092,-4.928997218717295
18,ADSK,2023-02-02,228.22000122070312,0.027138929353434982,0.03267335313089559,-0.01998070955307718,Autodesk,SF Bay Area,Other,250.0,0.02,Post-IPO,United States,0.014699373244309921,-0.010354610691310495,0.01243955610912506,5.521460917862246,-4.386873874853958
19,DM,2023-02-02,2.220000028610229,0.1935483932991302,0.10714290022444706,-0.04054050135560272,Desktop Metal,Boston,Other,,,Post-IPO,United States,0.014699373244309921,-0.010354610691310495,0.17884902005482028,,-1.7212132924376602
20,GETR,2023-02-02,0.6539999842643738,0.02187499825377004,0.0,0.00917437630892115,Getaround,SF Bay Area,Transportation,,0.1,Post-IPO,United States,0.014699373244309921,-0.010354610691310495,0.007175625009460118,,-4.937065411797829
21,OKTA,2023-02-02,81.2699966430664,0.06723565350747251,0.034506193376802496,-0.046757666781415796,Okta,SF Bay Area,Security,300.0,0.05,Post-IPO,United States,0.014699373244309921,-0.010354610691310495,0.052536280263162594,5.703782474656201,-2.9462512954198123
22,AFRM,2022-11-03,16.670000076293945,-0.052840925285145945,-0.09558061616184976,-0.03299335540152093,Affirm,SF Bay Area,Finance,,0.01,Post-IPO,United States,-0.010585992315429671,0.013618724670070526,-0.042254932969716275,,
23,LYFT,2022-11-03,13.720000267028809,-0.019999980926513672,-0.07590756749087202,0.0014576897740605776,Lyft,SF Bay Area,Transportation,700.0,0.13,Post-IPO,United States,-0.010585992315429671,0.013618724670070526,-0.009413988611084001,6.551080335043404,
24,RAMP,2022-11-03,16.450000762939453,-0.04137523839079349,-0.06739129330575577,-0.015197567684205215,LiveRamp,SF Bay Area,Marketing,,0.1,Post-IPO,United States,-0.010585992315429671,0.013618724670070526,-0.03078924607536382,,
25,RUBY,2022-11-03,0.3183000087738037,-0.09238660691925471,-0.003976210282334081,-0.026076048258975137,Rubius,Boston,Healthcare,,0.8200000000000001,Post-IPO,United States,-0.010585992315429671,0.013618724670070526,-0.08180061460382504,,
26,TREE,2022-11-03,24.200000762939453,0.07460036727470887,-0.09193543747734068,0.0376032982943415,LendingTree,Charlotte,Finance,200.0,,Post-IPO,United States,-0.010585992315429671,0.013618724670070526,0.08518635959013854,5.298317366548036,-2.4629139566713274
27,AFRM,2023-02-08,16.020000457763672,-0.06914576932096617,0.011757722098747259,-0.17041201110500726,Affirm,SF Bay Area,Finance,500.0,0.19,Post-IPO,United States,-0.011080724476164705,-0.00882979617773516,-0.05806504484480146,6.214608098422191,
28,GDDY,2023-02-08,82.1500015258789,-0.01557813624810045,0.028469282425068076,-0.007912373874687573,GoDaddy,Phoenix,Marketing,530.0,0.08,Post-IPO,United States,-0.011080724476164705,-0.00882979617773516,-0.004497411771935744,6.272877006546167,
29,AMZN,2022-10-28,103.41000366210938,-0.06804249715805744,-0.04063638620803933,0.0,Amazon,Seattle,Retail,150.0,,Post-IPO,United States,0.024626377895927698,-0.00745440410765752,-0.09266887505398513,5.0106352940962555,
30,AMZN,2022-11-16,97.12000274658205,-0.018394983322362668,0.004569038353104293,-0.023373189953300733,Amazon,Seattle,Retail,10000.0,0.03,Post-IPO,United States,-0.008252046497990273,-0.0030893228355314273,-0.010142936824372395,9.210340371976184,
31,CSCO,2022-11-16,43.709808349609375,-0.011358673190732138,0.0035761879568187993,0.049560736251145876,Cisco,SF Bay Area,Infrastructure,4100.0,0.05,Post-IPO,United States,-0.008252046497990273,-0.0030893228355314273,-0.003106626692741865,8.318742252692399,
32,PEAR,2022-11-16,1.919999957084656,-0.2289156828389466,-0.011904750641601458,-0.005208328482694924,Pear Therapeutics,Boston,Healthcare,59.0,0.22,Post-IPO,United States,-0.008252046497990273,-0.0030893228355314273,-0.22066363634095632,4.07753744390572,
33,SMWB,2022-11-16,4.860000133514404,-0.26807225433173176,0.11036786710819557,0.0,SimilarWeb,New York City,Other,120.0,0.1,Post-IPO,United States,-0.008252046497990273,-0.0030893228355314273,-0.2598202078337415,4.787491742782046,
34,AMZN,2023-01-04,85.13999938964844,-0.007923564525679994,0.021666663033621747,-0.023725589118479662,Amazon,Seattle,Retail,8000.0,0.02,Post-IPO,United States,0.007538970575044379,-0.011645528874622113,-0.015462535100724373,8.987196820661973,
35,BFLY,2023-01-04,2.4100000858306885,0.029914604371353848,-0.04878053744586641,-0.05394195427844106,Butterfly Network,Boston,Healthcare,,0.25,Post-IPO,United States,0.007538970575044379,-0.011645528874622113,0.02237563379630947,,-3.799782689130351
36,CRM,2023-01-04,139.58999633789062,0.03568776971477905,0.016517101605654227,-0.02328247070179068,Salesforce,SF Bay Area,Sales,8000.0,0.1,Post-IPO,United States,0.007538970575044379,-0.011645528874622113,0.02814879913973467,8.987196820661973,-3.570250584640843
37,KLTR,2023-01-04,1.950000047683716,0.0833333885228209,0.04651158277636491,-0.025641061693801426,Kaltura,New York City,Media,75.0,0.11,Post-IPO,United States,0.007538970575044379,-0.011645528874622113,0.07579441794777653,4.31748811353631,-2.579730630895419
38,VMEO,2023-01-04,3.619999885559082,0.040229846470767994,0.014577245289547625,0.027624349782459534,Vimeo,New York City,Consumer,,0.11,Post-IPO,United States,0.007538970575044379,-0.011645528874622113,0.032690875895723615,,-3.4206592646091427
39,AMZN,2023-03-20,97.70999908447266,-0.012531560404374309,0.0,0.029679680207260972,Amazon,Seattle,Retail,9000.0,,Post-IPO,United States,0.008918403718310097,0.012982193897784988,-0.021449964122684406,9.104979856318357,
40,APGT,2023-02-01,5.699999809265137,0.0,-0.04841401885377572,0.0,Appgate,Miami,Security,34.0,0.08,Post-IPO,United States,0.010452303944590291,0.014699373244309921,-0.010452303944590291,3.5263605246161616,
41,CYRNQ,2023-02-01,0.4600000083446502,-0.378378375112967,0.057142888769811995,0.21739128744669856,Cyren,Washington D.C.,Security,121.0,,Post-IPO,United States,0.010452303944590291,0.014699373244309921,-0.3888306790575573,4.795790545596741,
42,DKNG,2023-02-01,16.479999542236328,0.09939958598191612,0.02320820214615149,0.03276704675527342,DraftKings,Boston,Consumer,140.0,0.04,Post-IPO,United States,0.010452303944590291,0.014699373244309921,0.08894728203732583,4.941642422609304,-2.419711421409924
43,FREQ,2023-02-01,4.059999942779541,-0.10572687733626573,-0.022604955759879752,0.02586207402791274,Frequency Therapeutics,Boston,Healthcare,,0.5,Post-IPO,United States,0.010452303944590291,0.014699373244309921,-0.11617918128085603,,
44,MTCH,2023-02-01,51.40999984741211,-0.050073893901650846,0.032824377021370976,0.02256370065853064,Match Group,New York City,Consumer,,0.08,Post-IPO,United States,0.010452303944590291,0.014699373244309921,-0.060526197846241137,,
45,PINS,2023-02-01,26.700000762939453,0.015595277030589827,0.014274723693839642,0.08988762359368763,Pinterest,SF Bay Area,Consumer,150.0,,Post-IPO,United States,0.010452303944590291,0.014699373244309921,0.005142973085999536,5.0106352940962555,-5.270123945335554
46,RIVN,2023-02-01,19.709999084472656,0.015979354228763842,0.07538795088598693,0.0593607372217313,Rivian,Detroit,Transportation,,0.06,Post-IPO,United States,0.010452303944590291,0.014699373244309921,0.005527050284173551,,-5.198101008257877
47,SPLK,2023-02-01,99.8000030517578,0.04208005168582374,0.02263742747085451,0.07204403398948678,Splunk,SF Bay Area,Data,325.0,0.04,Post-IPO,United States,0.010452303944590291,0.014699373244309921,0.03162774774123345,5.783825182329737,-3.4537204506104535
48,APP,2022-06-27,38.34000015258789,-0.03255111987784498,0.0,-0.0545122625005211,AppLovin,SF Bay Area,Marketing,300.0,0.12,Post-IPO,United States,-0.0029730715337762392,-0.020143036075892073,-0.02957804834406874,5.703782474656201,
49,CUE,2022-06-27,2.8499999046325684,-0.05000003178914392,0.0,-0.0421052244121225,Cue,San Diego,Healthcare,170.0,,Post-IPO,United States,-0.0029730715337762392,-0.020143036075892073,-0.04702696025536768,5.135798437050262,
50,PATH,2022-06-27,21.36000061035156,-0.025547420802612852,0.0,-0.06273408774803557,UiPath,New York City,Data,210.0,0.05,Post-IPO,United States,-0.0029730715337762392,-0.020143036075892073,-0.022574349268836613,5.3471075307174685,
51,APRN,2022-12-08,0.7009999752044678,-0.0776315999988707,-0.04402518929722532,-0.0014265152079427912,Blue Apron,New York City,Food,,0.1,Post-IPO,United States,0.00752178195750397,-0.007349578247904498,-0.08515338195637467,,
52,BKKT,2022-12-08,1.7000000476837158,0.011904821881092875,0.0,-0.01176476445577379,Bakkt,Atlanta,Crypto,,0.15,Post-IPO,United States,0.00752178195750397,-0.007349578247904498,0.004383039923588905,,-5.430012748851174
53,LNVGY,2022-12-08,15.619999885559082,-0.002554276005286016,-0.027329225070331975,0.015364902232812838,Lenovo,Raleigh,Hardware,,,Post-IPO,United States,0.00752178195750397,-0.007349578247904498,-0.010076057962789986,,
54,NRDY,2022-12-08,1.9900000095367432,-0.014851471125267302,0.009999990463256836,0.005025120811725348,Nerdy,St. Louis,Education,,0.17,Post-IPO,United States,0.00752178195750397,-0.007349578247904498,-0.02237325308277127,,
55,TTGT,2022-12-08,42.5,0.001413793007364994,0.0052107389778561775,0.00047059900620394224,TechTarget,Boston,Marketing,60.0,0.05,Post-IPO,United States,0.00752178195750397,-0.007349578247904498,-0.006107988950138976,4.0943445622221,
56,ASAN,2022-11-15,22.030000686645508,0.01849290528889358,-0.0032258801710460805,-0.05310939808563864,Asana,SF Bay Area,Other,180.0,0.09,Post-IPO,United States,0.008713116550319144,-0.008252046497990273,0.009779788738574435,5.19295685089021,-4.627437396541481
57,PATH,2022-11-15,13.40999984741211,0.11286304026143812,-0.04136829886348137,-0.03355703313836944,UiPath,New York City,Data,241.0,0.06,Post-IPO,United States,0.008713116550319144,-0.008252046497990273,0.10414992371111897,5.484796933490655,-2.2619238437658806
58,RBCN,2022-11-15,1.9299999475479128,-0.09813090984201867,0.09183676696627918,0.025906773515252723,Rubicon Technologies,Lexington,Other,,0.11,Post-IPO,United States,0.008713116550319144,-0.008252046497990273,-0.10684402639233781,,
59,ASTR,2022-11-08,0.5849999785423279,0.0,0.012110673655190807,-0.1452991139489036,Astra,SF Bay Area,Aerospace,,0.16,Post-IPO,United States,0.005597892802462701,-0.02077788695478977,-0.005597892802462701,,
60,EVBG,2022-11-08,27.690000534057617,0.10760002136230473,-0.06331961409671394,-0.025279911500127206,EverBridge,Boston,Other,200.0,,Post-IPO,United States,0.005597892802462701,-0.02077788695478977,0.10200212855984203,5.298317366548036,-2.282761597681859
61,NSTG,2022-11-08,6.21999979019165,-0.32537965183854856,-0.04158000242086557,-0.05787776026052793,NanoString,Seattle,Healthcare,,0.1,Post-IPO,United States,0.005597892802462701,-0.02077788695478977,-0.33097754464101126,,
62,BALY,2023-01-18,19.68000030517578,-0.03576675882870661,-0.02016322985272556,-0.03201224889968857,Bally's Interactive,Providence,Unknown,,0.15,Post-IPO,United States,-0.015562598500411085,-0.007638350296294338,-0.02020416032829553,,
63,EGHT,2023-01-18,4.380000114440918,-0.04782604233754284,-0.00432900030777672,0.015981665067411388,8x8,SF Bay Area,Support,155.0,0.07,Post-IPO,United States,-0.015562598500411085,-0.007638350296294338,-0.032263443837131756,5.043425116919247,
64,ISPO,2023-01-18,1.3200000524520874,-0.10810808416175732,0.04964542844622866,-0.007575840359983155,Inspirato,Denver,Travel,109.0,0.12,Post-IPO,United States,-0.015562598500411085,-0.007638350296294338,-0.09254548566134624,4.6913478822291435,
65,LUCD,2023-01-18,1.350000023841858,-0.1346153375900221,0.19999999999999996,-0.037037089364844955,Lucid Diagnostics,New York City,Healthcare,,0.2,Post-IPO,United States,-0.015562598500411085,-0.007638350296294338,-0.119052739089611,,
66,MSFT,2023-01-18,235.2208404541016,-0.018889178260187656,0.004681755349412953,-0.01645396532163601,Microsoft,Seattle,Other,10000.0,0.05,Post-IPO,United States,-0.015562598500411085,-0.007638350296294338,-0.003326579759776571,9.210340371976184,
67,NCNO,2023-01-18,28.07999992370605,-0.004255348793859137,0.02769680080503467,-0.05555553668735502,nCino,Wilmington,Finance,100.0,0.07,Post-IPO,United States,-0.015562598500411085,-0.007638350296294338,0.011307249706551947,4.605170185988092,-4.482311192028437
68,PGY,2023-01-18,0.968999981880188,0.019999993725826837,-0.13636366591965787,-0.05056756048210753,Pagaya,New York City,Finance,140.0,0.2,Post-IPO,United States,-0.015562598500411085,-0.007638350296294338,0.03556259222623792,4.941642422609304,-3.3364609737425237
69,STRYQ,2023-01-18,0.0419999994337558,0.0769230401845129,-0.04878049445322363,0.07142862844832254,Starry,Boston,Other,100.0,0.24,Post-IPO,United States,-0.015562598500411085,-0.007638350296294338,0.09248563868492399,4.605170185988092,-2.3807019039777257
70,TDOC,2023-01-18,26.36000061035156,-0.06591065727357148,0.048291204805951615,-0.054248872233114365,Teladoc Health,New York City,Healthcare,300.0,0.06,Post-IPO,United States,-0.015562598500411085,-0.007638350296294338,-0.0503480587731604,5.703782474656201,
71,VRM,2023-01-18,0.9549999833106996,-0.08173075159625798,-0.009523800873702193,-0.03664918034874176,Vroom,New York City,Transportation,275.0,0.2,Post-IPO,United States,-0.015562598500411085,-0.007638350296294338,-0.0661681530958469,5.616771097666572,
72,BARK,2023-02-09,1.9600000381469729,-0.03448272622135784,0.0049504903750889895,-0.2193877848919502,Bark,New York City,Retail,126.0,0.12,Post-IPO,United States,-0.00882979617773516,0.0021952617756952897,-0.02565293004362268,4.836281906951478,
73,GTLB,2023-02-09,42.30500030517578,-0.14066624622085,-0.056173318898526614,-0.01737384718235402,GitLab,SF Bay Area,Product,130.0,0.07,Post-IPO,United States,-0.00882979617773516,0.0021952617756952897,-0.13183645004311484,4.867534450455582,
74,OPRT,2023-02-09,7.349999904632568,-0.040469967226471004,-0.02171137649430288,-0.08571430239663547,Oportun,SF Bay Area,Finance,155.0,0.1,Post-IPO,United States,-0.00882979617773516,0.0021952617756952897,-0.03164017104873584,5.043425116919247,
75,BBAI,2022-09-08,1.309999942779541,0.03968250213867153,0.007999992370605558,0.08396948023655493,BigBear.ai,Baltimore,Data,,0.07,Post-IPO,United States,0.006610721877456038,0.015271449816332883,0.03307178026121549,,-3.4090749203192883
76,BFLY,2022-08-02,4.860000133514404,0.09459461055882845,0.023041451870212448,0.16460899010700292,Butterfly Network,New Haven,Healthcare,,0.1,Post-IPO,United States,-0.006662395550704803,0.015638477163140152,0.10125700610953325,,-2.290093379245893
77,FUBO,2022-08-02,2.680000066757202,0.07200002670288086,-0.003984059960658093,0.0895522401337634,FuboTV,New York City,Media,,,Post-IPO,United States,-0.006662395550704803,0.015638477163140152,0.07866242225358566,,-2.5425897184838
78,HOOD,2022-08-02,9.229999542236328,0.02101765278595802,-0.0011049976432125908,0.11700985167315614,Robinhood,SF Bay Area,Finance,713.0,0.23,Post-IPO,United States,-0.006662395550704803,0.015638477163140152,0.02768004833666282,6.569481420414296,-3.5870434019674726
79,LTCH,2022-08-02,1.100000023841858,-0.026548647359614486,-0.058333374725446085,-0.06363640994079744,Latch,New York City,Security,115.0,0.37,Post-IPO,United States,-0.006662395550704803,0.015638477163140152,-0.019886251808909683,4.74493212836325,
80,BIGC,2022-12-15,9.06999969482422,-0.025778809234721756,0.005399588498811614,0.03638367528219044,BigCommerce,Austin,Retail,180.0,0.13,Post-IPO,United States,-0.024921675023714007,-0.011137750774080746,-0.0008571342110077484,5.19295685089021,
81,FRSH,2022-12-15,14.630000114440918,-0.03432340047410509,0.012700506677728152,0.003417648007091101,Freshworks,SF Bay Area,Support,90.0,0.02,Post-IPO,United States,-0.024921675023714007,-0.011137750774080746,-0.009401725450391085,4.499809670330265,
82,BIRD,2022-07-28,5.130000114440918,0.08000002409282492,0.010638338885950116,0.001949269360935979,Allbirds,SF Bay Area,Retail,23.0,,Post-IPO,United States,0.012133338697180918,0.014207760082581844,0.067866685395644,3.1354942159291497,-2.6902100070066677
83,TWOU,2022-07-28,10.359999656677246,0.030845717418808816,0.10318337755025442,-0.05501927738548151,2U,Washington D.C.,Education,,0.2,Post-IPO,United States,0.012133338697180918,0.014207760082581844,0.018712378721627898,,-3.9785700103995225
84,BLND,2022-04-19,5.0,0.059322080986147885,-0.014613814659467539,-0.056000041961669966,Blend,SF Bay Area,Finance,200.0,0.1,Post-IPO,United States,0.016057604355527166,-0.0006184750715809706,0.04326447663062072,5.298317366548036,-3.14042338182728
85,BLND,2022-08-15,2.759999990463257,-0.09210525490240384,0.0,0.2862318712256331,Blend,SF Bay Area,Finance,220.0,0.12,Post-IPO,United States,0.0039695418998517695,0.0018756797165810912,-0.09607479680225561,5.393627546352362,
86,CFRX,2022-08-15,24.479999542236328,0.006578941176802688,0.0,0.08823528953443716,ContraFect,New York City,Healthcare,16.0,0.37,Post-IPO,United States,0.0039695418998517695,0.0018756797165810912,0.002609399276950919,2.772588722239781,-5.948635246226663
87,SMFR,2022-08-15,,,,,Sema4,Stamford,Healthcare,250.0,0.13,Post-IPO,United States,0.0039695418998517695,0.0018756797165810912,,5.521460917862246,
88,TDUP,2022-08-15,3.049999952316284,-0.04984426290631794,0.0,0.17377048513960425,ThredUp,Chicago,Retail,,0.15,Post-IPO,United States,0.0039695418998517695,0.0018756797165810912,-0.05381380480616971,,
89,BLND,2022-11-10,2.180000066757202,0.16577543379590964,-0.0833333138546909,-0.04128447239993338,Blend,SF Bay Area,Finance,100.0,0.06,Post-IPO,United States,0.05543448436034493,0.009240746788147902,0.11034094943556472,4.605170185988092,-2.204180166538614
90,COIN,2022-11-10,50.91999816894531,0.10743798773140911,-0.09541613445024988,0.12843678614890264,Coinbase,SF Bay Area,Crypto,60.0,,Post-IPO,United States,0.05543448436034493,0.009240746788147902,0.052003503371064186,4.0943445622221,-2.956444190149671
91,SOUN,2022-11-10,1.8899999856948853,-0.08252425330423852,0.009803912402207349,-0.04232806535494815,SoundHound,SF Bay Area,Other,45.0,0.1,Post-IPO,United States,0.05543448436034493,0.009240746788147902,-0.13795873766458344,3.8066624897703196,
92,BLND,2023-01-10,1.7000000476837158,0.017964126568860372,0.11333330472310377,0.01176469433266436,Blend,SF Bay Area,Finance,340.0,0.28,Post-IPO,United States,0.006978233159061986,0.012849424614881588,0.010985893409798386,5.8289456176102075,-4.511143246475572
93,COIN,2023-01-10,43.22999954223633,0.12960540959351996,0.15063146088575996,0.012953999056694032,Coinbase,SF Bay Area,Crypto,950.0,0.2,Post-IPO,United States,0.006978233159061986,0.012849424614881588,0.12262717643445797,6.856461984594587,-2.0986066125531337
94,INFA,2023-01-10,15.550000190734863,-0.01519947889157558,0.030006525794930683,0.0688103302491323,Informatica,SF Bay Area,Data,450.0,0.07,Post-IPO,United States,0.006978233159061986,0.012849424614881588,-0.022177712050637566,6.1092475827643655,
95,BMRN,2022-10-07,88.1500015258789,-0.0364014178930645,0.021780460228126852,0.0,BioMarin,SF Bay Area,Healthcare,120.0,0.04,Post-IPO,United States,-0.028003617786773516,-0.00749246363390188,-0.008397800106290987,4.787491742782046,
96,BMTX,2023-01-30,4.510000228881836,-0.1156862130947901,0.0,0.0022172398086899303,BM Technologies,Philadelphia,Finance,,0.25,Post-IPO,United States,-0.012968740984683369,0.014642470285510134,-0.10271747211010673,,
97,GRPN,2023-01-30,8.350000381469727,-0.0963202826509092,0.0,-0.010778460895357389,Groupon,Chicago,Retail,500.0,,Post-IPO,United States,-0.012968740984683369,0.014642470285510134,-0.08335154166622583,6.214608098422191,
98,INTC,2023-01-30,27.61353302001953,-0.00745731347221068,0.0,0.011091184327841397,Intel,SF Bay Area,Hardware,343.0,,Post-IPO,United States,-0.012968740984683369,0.014642470285510134,0.005511427512472689,5.8377304471659395,-5.200931612698071
99,QSI,2023-01-30,2.150000095367432,-0.018264822286714777,0.0,0.03255810704084361,Quantum SI,New Haven,Healthcare,,0.12,Post-IPO,United States,-0.012968740984683369,0.014642470285510134,-0.005296081302031408,,
100,SOFI,2023-01-30,6.679999828338623,0.1245790848467494,0.0,0.03742515066234331,SoFi,SF Bay Area,Finance,,,Post-IPO,United States,-0.012968740984683369,0.014642470285510134,0.13754782583143277,,-1.983783598123733
101,BOXDQ,2023-03-15,0.2199999988079071,-0.48235295850100346,0.10677085475698589,-0.13636364252114097,Boxed,New York City,Retail,32.0,0.25,Post-IPO,United States,-0.00698088356543769,0.017562006217166637,-0.47537207493556577,3.4657359027997265,
102,BRDS,2020-03-27,,,,,Bird,Los Angeles,Transportation,406.0,0.3,Series D,United States,-0.033687352562252526,0.03351600948370015,,6.0063531596017325,
103,GETR,2020-03-27,,,,,Getaround,SF Bay Area,Transportation,100.0,0.25,Series D,United States,-0.033687352562252526,0.03351600948370015,,4.605170185988092,
104,BRDS,2022-06-07,0.6899999976158142,-0.04827589665525056,-0.03204270843819523,0.014492739851898806,Bird,Los Angeles,Transportation,138.0,0.23,Post-IPO,United States,0.009523393173235029,-0.010793945785935621,-0.05779928982848559,4.927253685157205,
105,BTTX,2023-03-27,0.8209999799728394,-0.07856340626573943,0.0,-0.14981725839826565,Better Therapeutics,SF Bay Area,Healthcare,,0.35,Post-IPO,United States,0.0016469543057482383,-0.0015738434957162095,-0.08021036057148767,,
106,BYND,2022-08-03,34.04999923706055,0.02313703383434862,0.039025914693695096,-0.07812040842917023,Beyond Meat,Los Angeles,Food,40.0,,Post-IPO,United States,0.015638477163140152,-0.0007773401640558397,0.007498556671208467,3.6888794541139363,-4.893044720798435
107,BYND,2022-10-14,13.345000267028809,-0.09709062867851004,0.040845065598354324,0.0,Beyond Meat,Los Angeles,Food,200.0,0.19,Post-IPO,United States,-0.02366266361565439,0.026480052302171098,-0.07342796506285565,5.298317366548036,
108,CARG,2020-04-16,19.09000015258789,-0.0031331314432156976,-0.041541538674787715,-0.04138297062403373,CarGurus,Boston,Transportation,130.0,0.13,Post-IPO,United States,0.005816689462164515,0.026793594848223412,-0.008949820905380212,4.867534450455582,
109,CDLX,2022-11-14,5.039999961853027,-0.16279070135855023,0.0,0.023809501283202916,Cardlytics,Atlanta,Marketing,51.0,,Post-IPO,United States,-0.008935777048800997,0.008713116550319144,-0.15385492430974923,3.9318256327243257,
110,ILMN,2022-11-14,234.57000732421875,-0.033657402916946966,0.0,0.016711421096249568,Illumina,San Diego,Healthcare,500.0,0.05,Post-IPO,United States,-0.008935777048800997,0.008713116550319144,-0.02472162586814597,6.214608098422191,
111,PEAR,2022-11-14,2.5199999809265137,-0.1340206506532956,0.0,-0.011904750641601458,Pear Therapeutics,Boston,Healthcare,59.0,0.22,Post-IPO,United States,-0.008935777048800997,0.008713116550319144,-0.1250848736044946,4.07753744390572,
112,SMFR,2022-11-14,,,,,Sema4,Stamford,Healthcare,500.0,,Post-IPO,United States,-0.008935777048800997,0.008713116550319144,,6.214608098422191,
113,SNCE,2022-11-14,0.8119999766349792,-0.04358068489319189,0.0,0.035714340767838415,Science 37 ,Los Angeles,Healthcare,90.0,,Post-IPO,United States,-0.008935777048800997,0.008713116550319144,-0.03464490784439089,4.499809670330265,
114,TCDAQ,2022-11-14,0.2669999897480011,0.011363603010486223,0.0,-0.08614227673901875,Tricida,SF Bay Area,Healthcare,,0.5700000000000001,Post-IPO,United States,-0.008935777048800997,0.008713116550319144,0.02029938005928722,,-3.897164932352087
115,CDXS,2022-11-29,5.03000020980835,-0.001984077801659545,-0.06839184768851203,0.08747506203385735,Codexis,SF Bay Area,Healthcare,,0.18,Post-IPO,United States,-0.0015918653377758885,0.030947872397389053,-0.0003922124638836566,,
116,CFLT,2023-01-26,22.26000022888184,-0.028371873542534898,-0.01250003905131769,0.05525604355746716,Confluent,SF Bay Area,Data,221.0,0.08,Post-IPO,United States,0.011007853469181317,0.002494840970949097,-0.039379727011716215,5.3981627015177525,
117,COF,2023-01-19,97.42776489257812,-0.039156001680303865,-0.016694027881286044,0.06403834534111552,Capital One,Washington D.C.,Finance,1100.0,,Post-IPO,United States,-0.007638350296294338,0.018918401045981525,-0.031517651384009526,7.003065458786462,
118,LAW,2023-01-19,6.329999923706055,-0.023148162797209215,-0.012195110427418387,0.10426537999477503,CS Disco,Austin,Legal,62.0,0.09,Post-IPO,United States,-0.007638350296294338,0.018918401045981525,-0.015509812500914877,4.127134385045092,
119,MGNI,2023-01-19,9.390000343322754,-0.0021253458462973107,-0.010515286967714865,0.057507981055295865,Magnite,Los Angeles,Marketing,,0.06,Post-IPO,United States,-0.007638350296294338,0.018918401045981525,0.005513004449997028,,-5.200645532192434
120,PSNL,2023-01-19,2.2100000381469727,-0.0942623006884239,-0.08270677500430457,-0.02714929490673179,Personalis,SF Bay Area,Healthcare,,0.3,Post-IPO,United States,-0.007638350296294338,0.018918401045981525,-0.08662395039212956,,
121,PTRA,2023-01-19,4.739999771118164,-0.06508883419526112,0.01807231972754786,0.04641356068608227,Proterra,SF Bay Area,Transportation,300.0,,Post-IPO,United States,-0.007638350296294338,0.018918401045981525,-0.05745048389896679,5.703782474656201,
122,WE,2023-01-19,1.5399999618530271,-0.031446585204988,-0.05357137915431087,0.1038961622039043,WeWork ,New York City,Real Estate,300.0,,Post-IPO,United States,-0.007638350296294338,0.018918401045981525,-0.02380823490869366,5.703782474656201,
123,COHR,2023-03-16,35.95000076293945,0.010399070063055182,-0.02919507913440833,-0.041168275683655775,Coherent,SF Bay Area,Manufacturing,108.0,,Post-IPO,United States,0.017562006217166637,-0.011019457310067593,-0.0071629361541114545,4.68213122712422,
124,FRSH,2023-03-16,14.010000228881836,-0.02027971734160683,-0.00900901674924337,-0.019985773167104037,Freshworks,SF Bay Area,Support,,0.02,Post-IPO,United States,0.017562006217166637,-0.011019457310067593,-0.037841723558773466,,
125,LFLY,2023-03-16,0.5099999904632568,0.0472279311043724,0.008281528403741412,-0.1843136934077263,Leafly,Seattle,Retail,40.0,0.21,Post-IPO,United States,0.017562006217166637,-0.011019457310067593,0.029665924887205763,3.6888794541139363,-3.51775620203276
126,COIN,2022-06-14,51.58000183105469,-0.008267573627290248,-0.1141202668611766,0.06649857248383073,Coinbase,SF Bay Area,Crypto,1100.0,0.18,Post-IPO,United States,-0.0037736797459957394,0.014592504858983224,-0.004493893881294508,7.003065458786462,
127,COMP,2022-06-14,4.260000228881836,-0.1050420117558386,-0.108614214818884,-0.04225359049406152,Compass,New York City,Real Estate,450.0,0.1,Post-IPO,United States,-0.0037736797459957394,0.014592504858983224,-0.10126833200984287,6.1092475827643655,
128,RDFN,2022-06-14,8.130000114440918,-0.04912281484497216,-0.10844629252402882,-0.01230016974933379,Redfin,Seattle,Real Estate,470.0,0.08,Post-IPO,United States,-0.0037736797459957394,0.014592504858983224,-0.04534913509897642,6.152732694704104,
129,COMP,2020-03-23,,,,,Compass,New York City,Real Estate,375.0,0.15,Series G,United States,-0.02929386782180443,0.09382773976227554,,5.926926025970411,
130,LFLY,2020-03-23,9.324999809265137,-0.013540702260620763,-0.005993707554724947,0.039142067408463266,Leafly,Seattle,Retail,91.0,0.5,Acquired,United States,-0.02929386782180443,0.09382773976227554,0.01575316556118367,4.51085950651685,-4.150713945894218
131,COMP,2022-09-20,2.5299999713897705,-0.05947958454544211,-0.06920416623664705,-0.035573089006745384,Compass,New York City,Real Estate,271.0,,Post-IPO,United States,-0.011272103097361819,-0.017116493600784488,-0.04820748144808029,5.602118820879701,
132,OUST,2022-09-20,11.100000381469728,-0.0431034468583914,-0.016949136104435936,-0.11171177316917325,Ouster,SF Bay Area,Transportation,,0.1,Post-IPO,United States,-0.011272103097361819,-0.017116493600784488,-0.031831343761029585,,
133,COMP,2023-01-05,2.390000104904175,-0.024489772086439876,0.10360361086007375,0.0502091549338628,Compass,New York City,Real Estate,,,Post-IPO,United States,-0.011645528874622113,0.02284078102943865,-0.012844243211817763,,
134,CUE,2023-01-05,2.559999942779541,-0.0191570706229659,-0.01879706357951072,0.10937499126885064,Cue,San Diego,Healthcare,388.0,,Post-IPO,United States,-0.011645528874622113,0.02284078102943865,-0.007511541748343786,5.961005339623274,
135,SFIX,2023-01-05,3.5,0.09374998370185517,0.07744108311713127,0.04000002997262131,Stitch Fix,SF Bay Area,Retail,,0.2,Post-IPO,United States,-0.011645528874622113,0.02284078102943865,0.10539551257647728,,-2.250035218956961
136,SOUN,2023-01-05,1.100000023841858,-0.06779654852722472,-0.09923664191602644,-0.027272700672307915,SoundHound,SF Bay Area,Other,200.0,0.5,Post-IPO,United States,-0.011645528874622113,0.02284078102943865,-0.05615101965260261,5.298317366548036,
137,TCRR,2023-01-05,1.090000033378601,0.0380953170274696,0.04999995231628418,0.10091744122626767,TCR2,Boston,Healthcare,,0.4,Post-IPO,United States,-0.011645528874622113,0.02284078102943865,0.04974084590209171,,-3.00092883427598
138,CORZQ,2022-08-12,3.359999895095825,0.03703700160674983,-0.0030769201425405734,0.0,Core Scientific,Austin,Crypto,,0.1,Post-IPO,United States,0.017322368774566943,0.0039695418998517695,0.019714632832182888,,-3.9263941356056877
139,PTON,2022-08-12,13.529999732971191,0.13602014326734757,-0.0008389453706231231,0.0,Peloton,New York City,Fitness,784.0,0.13,Post-IPO,United States,0.017322368774566943,0.0039695418998517695,0.11869777449278063,6.664409020350408,-2.1311747265500247
140,COUR,2022-11-09,12.649999618530272,-0.02165511833231948,0.008580391027307899,0.07351781290281467,Coursera,SF Bay Area,Education,,,Post-IPO,United States,-0.02077788695478977,0.05543448436034493,-0.000877231377529708,,
141,META,2022-11-09,101.47000122070312,0.051829583670897295,-0.002584780777964757,0.10249336159224365,Meta,SF Bay Area,Consumer,11000.0,0.13,Post-IPO,United States,-0.02077788695478977,0.05543448436034493,0.07260747062568707,9.305650551780507,-2.6226874612650874
142,RDFN,2022-11-09,3.2699999809265137,-0.12096775382333347,0.024793364003288243,0.31804280364501913,Redfin,Seattle,Real Estate,862.0,0.13,Post-IPO,United States,-0.02077788695478977,0.05543448436034493,-0.1001898668685437,6.759255270663693,
143,RNG,2022-11-09,28.36000061035156,-0.05843294089784079,0.023097836033974417,0.30112837559002736,RingCentral,SF Bay Area,Other,,0.1,Post-IPO,United States,-0.02077788695478977,0.05543448436034493,-0.03765505394305102,,
144,ROOT,2022-11-09,6.550000190734863,-0.0787622970834937,0.0,0.19083968909926985,Root Insurance,Columbus,Finance,137.0,0.2,Post-IPO,United States,-0.02077788695478977,0.05543448436034493,-0.05798441012870392,4.919980925828125,
145,CRM,2020-08-26,272.32000732421875,0.2604489862422297,0.036409844063320485,0.014688601250064215,Salesforce,SF Bay Area,Sales,1000.0,0.0185,Post-IPO,United States,0.010195626139483993,0.0016730440109038458,0.2502533601027457,6.907755278982137,-1.3852814338929496
146,CRM,2022-10-13,145.44000244140625,0.02213795279994879,-0.0019640458981611264,-0.022139721992925354,Salesforce,SF Bay Area,Sales,90.0,,Post-IPO,United States,0.02596564246086497,-0.02366266361565439,-0.003827689660916178,4.499809670330265,
147,CRM,2022-11-07,144.58999633789062,0.03448516790508083,0.0,0.017359498092519354,Salesforce,SF Bay Area,Sales,1000.0,0.01,Post-IPO,United States,0.009613981920559844,0.005597892802462701,0.024871185984520983,6.907755278982137,-3.694045334948744
148,CSPR-USD,2020-04-21,,,,,Casper,New York City,Retail,78.0,0.21,Post-IPO,United States,-0.030674795694063395,0.022930247703843776,,4.356708826689592,
149,LC,2020-04-21,7.389999866485596,-0.04398449569844154,-0.015286609811073437,-0.09472257400703177,Lending Club,SF Bay Area,Finance,460.0,0.3,Post-IPO,United States,-0.030674795694063395,0.022930247703843776,-0.013309700004378144,6.131226489483141,
150,CSPR-USD,2021-09-14,0.1293549984693527,0.02632557754605025,-0.08149682288814963,0.01432495164365477,Casper,New York City,Retail,,,Post-IPO,United States,-0.00574663850657553,0.008473996979569742,0.03207221605262578,,-3.4397651671771623
151,CTV,2023-01-23,2.319999933242798,0.059360672431823636,0.0,-0.004310340840949611,Innovid,New York City,Marketing,40.0,0.1,Post-IPO,United States,0.01188134498366522,-0.0007115031258156934,0.047479327448158415,3.6888794541139363,-3.047460874291322
152,YEXT,2023-01-23,6.690000057220459,0.048589331852497475,0.0,-0.01644247123670528,Yext,New York City,Marketing,,0.08,Post-IPO,United States,0.01188134498366522,-0.0007115031258156934,0.036707986868832254,,-3.3047609217449434
153,CVNA,2022-05-10,36.68000030517578,-0.053907663861514576,-0.16587777883832777,-0.18211560113409242,Carvana,Phoenix,Transportation,2500.0,0.12,Post-IPO,United States,0.0024578974498534745,-0.01646320750393837,-0.05636556131136805,7.824046010856292,
154,DOMA,2022-05-10,1.4299999475479126,-0.04666670163472497,-0.09638552399916434,0.006993083943600098,Doma,SF Bay Area,Finance,310.0,0.15,Post-IPO,United States,0.0024578974498534745,-0.01646320750393837,-0.049124599084578446,5.736572297479192,
155,LTCH,2022-05-10,2.509999990463257,-0.08727273074063391,-0.09836064164147051,-0.05577693443669529,Latch,New York City,Security,30.0,0.06,Post-IPO,United States,0.0024578974498534745,-0.01646320750393837,-0.08973062819048738,3.4011973816621555,
156,CVNA,2022-11-18,8.0600004196167,-0.03124991403175914,-0.026900642196462488,0.0,Carvana,Phoenix,Transportation,1500.0,0.08,Post-IPO,United States,0.00475858190881473,-0.003883688698329779,-0.03600849594057387,7.313220387090301,
157,CVNA,2023-01-13,7.019999980926514,-0.12577830456178185,0.4599999514493076,0.0,Carvana,Phoenix,Transportation,,,Post-IPO,United States,0.003996858363534361,-0.0020304911890052235,-0.1297751629253162,,
158,CXM,2020-06-25,,,,,Sprinklr,New York City,Support,,,Series F,United States,0.010959447267809841,-0.024226905044785974,,,
159,CXM,2022-06-22,10.270000457763672,0.010826831890118793,-0.010710867132280089,0.0856863798970291,Sprinklr,New York City,Support,50.0,,Post-IPO,United States,-0.0013015723144006452,0.009532217409177868,0.012128404204519438,3.912023005428146,-4.412205122428437
160,IRNT,2022-06-22,2.6700000762939453,0.026923143934218574,0.023622025071121877,0.10486890014565864,IronNet,Washington D.C.,Security,90.0,0.35,Post-IPO,United States,-0.0013015723144006452,0.009532217409177868,0.02822471624861922,4.499809670330265,-3.567557222190241
161,IRNT,2022-06-22,2.6700000762939453,0.026923143934218574,0.023622025071121877,0.10486890014565864,IronNet,Washington D.C.,Security,55.0,0.17,Post-IPO,United States,-0.0013015723144006452,0.009532217409177868,0.02822471624861922,4.007333185232471,-3.567557222190241
162,CXM,2023-02-15,11.0600004196167,0.0036297604529451633,0.022263518621287615,0.0036166329417206544,Sprinklr,New York City,Support,100.0,0.04,Post-IPO,United States,0.002773175690496066,-0.013788741489130674,0.0008565847624490974,4.605170185988092,-7.062557281349931
163,DOCN,2023-02-15,33.0,0.07807903763452395,0.05661033261540571,0.07818187366832396,DigitalOcean,New York City,Infrastructure,200.0,0.11,Post-IPO,United States,0.002773175690496066,-0.013788741489130674,0.07530586194402789,5.298317366548036,-2.5861972993440205
164,METV,2023-02-15,9.109999656677246,0.02244666809093454,0.01480639161670294,-0.023051596713623557,Momentive,SF Bay Area,Marketing,,0.14,Post-IPO,United States,0.002773175690496066,-0.013788741489130674,0.019673492400438475,,-3.928483112751071
165,RBOT,2023-02-15,3.240000009536743,-0.07428571156093056,0.1363636645122297,-0.024691334404499887,Vicarious Surgical,Boston,Healthcare,,0.14,Post-IPO,United States,0.002773175690496066,-0.013788741489130674,-0.07705888725142662,,
166,DASH,2022-11-30,58.25,0.09205099050180432,-0.023970747240888546,-0.01939915996764352,DoorDash,SF Bay Area,Food,1250.0,0.06,Post-IPO,United States,0.030947872397389053,-0.0008676332180498347,0.061103118104415266,7.1308988302963465,-2.7951923813012294
167,ESTC,2022-11-30,61.18999862670898,0.036942897257807195,0.021464390755477014,-0.06569701827071073,Elastic,SF Bay Area,Data,,0.13,Post-IPO,United States,0.030947872397389053,-0.0008676332180498347,0.005995024860418141,,-5.116825343652518
168,PINS,2022-11-30,25.420000076293945,0.059166669845581055,-0.014778349808356683,0.006294250469389917,Pinterest,SF Bay Area,Consumer,,,Post-IPO,United States,0.030947872397389053,-0.0008676332180498347,0.028218797448192,,-3.5677669469242717
169,DBX,2021-01-13,22.1200008392334,-0.0631088408555519,0.011134913260565371,0.02576852048817435,Dropbox,SF Bay Area,Other,315.0,0.15,Post-IPO,United States,0.0022756417379066196,-0.0037534511943366766,-0.06538448259345853,5.752572638825633,
170,DELL,2023-02-06,40.60845184326172,-0.030303079989509873,0.0,0.025146492401971976,Dell,Austin,Hardware,6650.0,0.05,Post-IPO,United States,-0.006140463017754394,0.01287251059802652,-0.02416261697175548,8.8023721336499,
171,DH,2023-01-12,11.979999542236328,-0.036202795807822596,0.03410980297819299,0.03505843842591183,Definitive Healthcare,Boston,Healthcare,55.0,0.06,Post-IPO,United States,0.0034159058663651987,0.003996858363534361,-0.039618701674187795,4.007333185232471,
172,LC,2023-01-12,9.460000038146973,0.021598251006661906,0.057077624079448386,0.012684977280675414,Lending Club,SF Bay Area,Finance,225.0,0.14,Post-IPO,United States,0.0034159058663651987,0.003996858363534361,0.018182345140296707,5.41610040220442,-4.007304202936143
173,LIFX,2023-01-12,3.619999885559082,0.0,0.0,0.0,Life360,SF Bay Area,Consumer,,0.14,Post-IPO,United States,0.0034159058663651987,0.003996858363534361,-0.0034159058663651987,,
174,DM,2020-04-28,9.960000038146973,-0.007968119921316186,-0.000995047631049295,0.004016060411629274,Desktop Metal,Boston,Other,,,Series E,United States,-0.005242380698498916,0.026583916282167053,-0.0027257392228172694,,
175,LVTSF,2020-04-28,0.125,0.0,0.26262626946793444,0.0,TripAdvisor,Boston,Travel,900.0,0.25,Post-IPO,United States,-0.005242380698498916,0.026583916282167053,0.005242380698498916,6.802394763324311,-5.250979552052015
176,DM,2022-06-13,1.8799999952316284,-0.11320750154859627,0.0,0.03723407054767747,Desktop Metal,Boston,Other,,0.12,Post-IPO,United States,-0.038768430665237275,-0.0037736797459957394,-0.074439070883359,,
177,DMRC,2023-02-17,22.559999465942383,0.01989143806579685,-0.011175681297317608,0.0,Digimarc,Portland,Other,,,Post-IPO,United States,-0.002767405825327751,-0.020041234255327334,0.022658843891124603,,-3.787205044492984
178,MU,2023-02-17,58.89098358154297,-0.017318907360777458,-0.028945704397683514,0.0,Micron,Boise,Hardware,2400.0,0.05,Post-IPO,United States,-0.002767405825327751,-0.020041234255327334,-0.014551501535449707,7.783224016336037,
179,DOCU,2022-09-28,55.310001373291016,0.050921532410900916,0.0185795032550804,-0.0019888014395291753,DocuSign,SF Bay Area,Sales,671.0,0.09,Post-IPO,United States,0.019672139926234733,-0.021126437880238824,0.031249392484666183,6.508769136971682,-3.4657553434793775
180,VLTA,2022-09-28,1.5700000524520874,0.03289478431117887,-0.04402518929722532,-0.15286624300547114,Volta,SF Bay Area,Transportation,,0.1,Post-IPO,United States,0.019672139926234733,-0.021126437880238824,0.013222644384944138,,-4.325824435443438
181,DOCU,2023-02-16,66.6500015258789,0.017712684378496713,0.029069743743932452,-0.032708180874224446,DocuSign,SF Bay Area,Sales,680.0,0.1,Post-IPO,United States,-0.013788741489130674,-0.002767405825327751,0.031501425867627386,6.522092798170152,-3.4577224685360433
182,REAL,2023-02-16,1.6100000143051147,-0.09550559540286108,0.15584416589722494,-0.08074533793574978,The RealReal,SF Bay Area,Retail,230.0,0.07,Post-IPO,United States,-0.013788741489130674,-0.002767405825327751,-0.0817168539137304,5.438079308923196,
183,SMAR,2023-02-16,44.09000015258789,-0.050602897149302106,0.02021085588078897,-0.017237430685030142,Smartsheet,Seattle,Other,85.0,0.03,Post-IPO,United States,-0.013788741489130674,-0.002767405825327751,-0.03681415566017143,4.442651256490317,
184,DOMA,2022-08-04,0.8159999847412109,0.06666666666666665,0.035182628545397554,-0.09558824818439571,Doma,SF Bay Area,Finance,250.0,0.13,Post-IPO,United States,-0.0007773401640558397,-0.0016257460597355333,0.06744400683072249,5.521460917862246,-2.6964575537864945
185,RNG,2022-08-04,49.0,-0.07616894505642147,0.06720322135444468,-0.025510204081632626,RingCentral,SF Bay Area,Support,50.0,,Post-IPO,United States,-0.0007773401640558397,-0.0016257460597355333,-0.07539160489236563,3.912023005428146,
186,TXG,2022-08-04,42.560001373291016,0.003773581171086837,0.039215743106313594,0.001409717026733981,10X Genomics,SF Bay Area,Healthcare,100.0,0.08,Post-IPO,United States,-0.0007773401640558397,-0.0016257460597355333,0.004550921335142677,4.605170185988092,-5.392425575277713
187,DOMO,2020-04-09,11.720000267028809,0.09023258297942416,0.11979162217014516,0.1988054497115419,Domo,Salt Lake City,Data,90.0,0.1,Post-IPO,United States,0.014487410153376512,-0.010104660822607414,0.07574517282604765,4.499809670330265,-2.580380561691865
188,YELP,2020-04-09,19.690000534057617,-0.09011085538771368,0.11202468693409284,-0.027933018257558895,Yelp,SF Bay Area,Consumer,1000.0,0.17,Post-IPO,United States,0.014487410153376512,-0.010104660822607414,-0.1045982655410902,6.907755278982137,
189,DSP,2022-12-13,3.430000066757202,-0.019999980926513672,0.03244834563181653,0.008746347173728575,Viant,Los Angeles,Marketing,46.0,0.13,Post-IPO,United States,0.0072896644387934195,-0.006052724634100337,-0.02728964536530709,3.828641396489095,
190,EGIO,2022-12-13,1.2799999713897705,0.0,0.007874008357040552,0.007812492724041942,Edgio,Phoenix,Infrastructure,95.0,0.1,Post-IPO,United States,0.0072896644387934195,-0.006052724634100337,-0.0072896644387934195,4.553876891600541,
191,EA,2023-02-28,110.94000244140624,0.00036069355254242375,0.012025134291423045,-0.0047773460215739805,Electronic Arts,Baton Rouge,Consumer,200.0,,Post-IPO,United States,-0.0030360018281855305,-0.004725264845680033,0.0033966953807279543,5.298317366548036,-5.684952266851358
192,EB,2023-02-28,8.760000228881836,0.006896600107140438,0.033254124754644065,0.1244292379119063,Eventbrite,SF Bay Area,Consumer,80.0,0.08,Post-IPO,United States,-0.0030360018281855305,-0.004725264845680033,0.009932601935325969,4.382026634673881,-4.611932807521641
193,MLNK,2023-02-28,15.760000228881836,-0.010050241623450695,0.014012756031944518,-0.008883270386391806,MeridianLink,Los Angeles,Finance,,0.09,Post-IPO,United States,-0.0030360018281855305,-0.004725264845680033,-0.007014239795265165,,
194,EA,2023-03-29,119.19000244140624,0.009913623382640235,-0.005225916636645955,-0.0007551301740209571,Electronic Arts,SF Bay Area,Consumer,780.0,0.06,Post-IPO,United States,0.014237268879836451,0.005715269388667954,-0.004323645497196216,6.659293919683638,
195,ICAD,2023-03-29,1.2699999809265137,0.058333275384375494,-0.0697673773881593,0.0,iCAD,Nashua,Healthcare,23.0,0.28,Post-IPO,United States,0.014237268879836451,0.005715269388667954,0.04409600650453904,3.1354942159291497,-3.1213860560823585
196,SFT,2023-03-29,1.2200000286102295,-0.2738094841068822,0.18309859036689846,-0.061475447479417356,Shift,SF Bay Area,Transportation,,0.3,Post-IPO,United States,0.014237268879836451,0.005715269388667954,-0.28804675298671867,,
197,STX,2023-03-29,63.790000915527344,0.05560153224198783,-0.0254797300294195,0.018654999597540245,Seagate,SF Bay Area,Hardware,480.0,,Post-IPO,United States,0.014237268879836451,0.005715269388667954,0.04136426336215138,6.173786103901937,-3.185337974738584
198,EB,2020-04-08,7.360000133514404,0.1034482832575685,0.015220685238929166,0.15081523279597797,Eventbrite,SF Bay Area,Consumer,500.0,0.45,Post-IPO,United States,0.03405645287963033,0.014487410153376512,0.06939183037793817,6.214608098422191,-2.667986136295818
199,EBAY,2023-02-07,49.88661575317383,0.0038015187499556014,-0.01342289096199445,-0.020131482548200963,eBay,SF Bay Area,Retail,500.0,0.04,Post-IPO,United States,0.01287251059802652,-0.011080724476164705,-0.00907099184807092,6.214608098422191,
200,SCWX,2023-02-07,8.5600004196167,-0.009259250061012025,0.014679975920144583,0.01168217557165585,SecureWorks,Atlanta,Security,212.0,0.09,Post-IPO,United States,0.01287251059802652,-0.011080724476164705,-0.022131760659038546,5.356586274672012,
201,ZM,2023-02-07,84.66000366210938,0.09848195143816607,-0.031053572947859265,-0.0627215326989744,Zoom,SF Bay Area,Other,1300.0,0.15,Post-IPO,United States,0.01287251059802652,-0.011080724476164705,0.08560944084013955,7.170119543449628,-2.45795971172741
202,EDIT,2023-01-09,8.220000267028809,-0.086666636996799,0.0,0.008515777682513548,Editas Medicine,Boston,Healthcare,,0.2,Post-IPO,United States,-0.0007676325452631305,0.006978233159061986,-0.08589900445153587,,
203,FATE,2023-01-09,5.269999980926514,0.24292459089843765,0.0,0.04174569088954194,Fate Therapeutics,San Diego,Healthcare,315.0,0.5700000000000001,Post-IPO,United States,-0.0007676325452631305,0.006978233159061986,0.24369222344370078,5.752572638825633,-1.411849229226554
204,IPSC,2023-01-09,4.78000020980835,-0.028455256974518672,0.0,-0.02301257922304878,Century Therapeutics,Philadelphia,Healthcare,,,Post-IPO,United States,-0.0007676325452631305,0.006978233159061986,-0.027687624429255542,,
205,EGHT,2022-10-04,3.7100000381469727,0.0722543344635016,0.002898547920302308,-0.026954216178686208,8x8,SF Bay Area,Support,200.0,0.09,Post-IPO,United States,0.030583700679551518,-0.002017948757084831,0.041670633783950084,5.298317366548036,-3.1779586240654054
206,EVGO,2023-02-23,6.260000228881836,-0.004769432933725115,0.03114755085097065,-0.06869014208528046,EVgo,Los Angeles,Transportation,40.0,,Post-IPO,United States,0.005329429416074394,-0.010537551485558128,-0.010098862349799509,3.6888794541139363,
207,EXPE,2023-03-21,96.75,0.023159924893707995,0.012202948105252576,-0.03214470915092049,Expedia,Seattle,Travel,,,Post-IPO,United States,0.012982193897784988,-0.01646322377571363,0.010177730995923007,,-4.587553181119283
208,MRVL,2023-03-21,41.06903839111328,0.019330926680144023,0.009507027377937405,-0.023583777896381553,Marvell,SF Bay Area,Hardware,320.0,0.04,Post-IPO,United States,0.012982193897784988,-0.01646322377571363,0.0063487327823590345,5.768320995793772,-5.059500047825872
209,FDCHF,2020-07-08,0.8999999761581421,0.0,0.0,0.0,Funding Circle,SF Bay Area,Finance,85.0,,Post-IPO,United States,0.007827461915415501,-0.005643606159361103,-0.007827461915415501,4.442651256490317,
210,FFIV,2022-10-21,147.6199951171875,0.032596447848853405,0.003932674447935103,0.0,F5,Seattle,Security,100.0,0.01,Post-IPO,United States,0.02372481982226482,0.011881976654619875,0.008871628026588585,4.605170185988092,-4.724896956482475
211,VLTA,2022-10-21,1.0399999618530271,0.045961936712731966,-0.03466015976822934,0.0,Volta,SF Bay Area,Transportation,,0.54,Post-IPO,United States,0.02372481982226482,0.011881976654619875,0.022237116890467146,,-3.805992454223259
212,GDDY,2020-06-24,75.58999633789062,-0.08608394178931489,0.0036402792019436525,-0.010583350458005958,GoDaddy,Austin,Marketing,451.0,0.06,Post-IPO,United States,-0.025855145939064572,0.010959447267809841,-0.060228795850250316,6.111467339502679,
213,SONO,2020-06-24,13.770000457763672,-0.02340424927503859,0.0021322450103922197,0.015250477668230955,Sonos,New York City,Consumer,174.0,0.12,Post-IPO,United States,-0.025855145939064572,0.010959447267809841,0.002450896664025981,5.159055299214529,-6.011301336065064
214,GDRX,2022-08-31,6.099999904632568,-0.008130112188539096,0.021594703463921006,-0.06557378715098938,GoodRx,Los Angeles,Healthcare,140.0,0.16,Post-IPO,United States,-0.007817025105971265,0.0029962320243361873,-0.00031308708256783113,4.941642422609304,
215,HIPO,2022-08-31,24.25,-0.058252427184465994,-0.01904761904761909,-0.006185551279598855,Hippo Insurance,SF Bay Area,Finance,70.0,0.1,Post-IPO,United States,-0.007817025105971265,0.0029962320243361873,-0.05043540207849473,4.248495242049359,
216,SNAP,2022-08-31,10.880000114440918,0.08691307349313271,-0.025316476854223224,0.06985296147865805,Snap,Los Angeles,Consumer,1280.0,0.2,Post-IPO,United States,-0.007817025105971265,0.0029962320243361873,0.09473009859910397,7.154615356913663,-2.356723498251744
217,TCRR,2022-08-31,2.720000028610229,-0.010909080505371205,-0.08026756146195724,-0.05882356034843106,TCR2,Boston,Healthcare,30.0,0.2,Post-IPO,United States,-0.007817025105971265,0.0029962320243361873,-0.00309205539939994,3.4011973816621555,
218,GH,2023-01-25,31.6299991607666,-0.026169962852505724,-0.03791465766988655,-0.017704694302900892,Guardant Health,SF Bay Area,Healthcare,130.0,0.07,Post-IPO,United States,-0.0001817250594663422,0.011007853469181317,-0.02598823779303938,4.867534450455582,
219,IBM,2023-01-25,139.05198669433594,-0.005159509542014162,-0.0026081956401518003,-0.04482804671306462,IBM,New York City,Hardware,3900.0,0.02,Post-IPO,United States,-0.0001817250594663422,0.011007853469181317,-0.00497778448254782,8.268731832117737,
220,LRCX,2023-01-25,486.6337890625,0.0018461821474657913,-0.006683278703911721,0.01914415487856025,Lam Research,SF Bay Area,Hardware,1300.0,0.07,Post-IPO,United States,-0.0001817250594663422,0.011007853469181317,0.0020279072069321336,7.170119543449628,-6.200750950250661
221,GOEV,2022-07-01,1.8799999952316284,0.016216200542241266,-0.08866992615013769,0.0,Canoo,Los Angeles,Transportation,58.0,0.06,Post-IPO,United States,0.010553814029047315,0.0015841285142366157,0.005662386513193951,4.060443010546419,-5.173909830193877
222,GOOG,2023-01-20,99.27999877929688,0.05718235446469455,0.02320772402639193,0.0,Google,SF Bay Area,Consumer,12000.0,0.06,Post-IPO,United States,0.018918401045981525,0.01188134498366522,0.038263953418713026,9.392661928770137,-3.263246989970735
223,W,2023-01-20,46.790000915527344,0.20251866098733307,-0.05190060966371357,0.0,Wayfair,Boston,Retail,1750.0,0.1,Post-IPO,United States,0.018918401045981525,0.01188134498366522,0.18360025994135154,7.4673710669175595,-1.6949943849941809
224,GPRO,2020-04-15,2.6600000858306885,-0.1363635871035982,0.06944437545758975,-0.030075247948591954,GoPro,SF Bay Area,Consumer,200.0,0.2,Post-IPO,United States,-0.022030438529415775,0.005816689462164515,-0.11433314857418242,5.298317366548036,
225,OPEN,2020-04-15,,,,,Opendoor,SF Bay Area,Real Estate,600.0,0.35,Series E,United States,-0.022030438529415775,0.005816689462164515,,6.396929655216146,
226,VIEW,2020-04-15,,,,,View,SF Bay Area,Energy,,,Series H,United States,-0.022030438529415775,0.005816689462164515,,,
227,GRPN,2020-04-13,17.399999618530273,-0.02247188964466096,-0.011111153496636272,-0.02298848432756806,Groupon,Chicago,Retail,2800.0,0.44,Post-IPO,United States,-0.010104660822607414,0.030572589146256046,-0.012367228822053544,7.937374696163295,
228,GRPN,2022-08-08,13.869999885559082,0.08190329295863985,0.0,-0.09444841216662914,Groupon,Chicago,Retail,500.0,0.15,Post-IPO,United States,-0.0012375507238541195,-0.004248692893594086,0.08314084368249397,6.214608098422191,-2.487219197476466
229,VRM,2022-08-08,2.4600000381469727,0.06034487453992665,0.0,-0.35365853303958095,Vroom,New York City,Transportation,337.0,,Post-IPO,United States,-0.0012375507238541195,-0.004248692893594086,0.06158242526378077,5.820082930352362,-2.7873787533090404
230,WRBY,2022-08-08,13.699999809265137,0.10217212171431211,0.0,-0.03503646342474476,Warby Parker,New York City,Consumer,63.0,,Post-IPO,United States,-0.0012375507238541195,-0.004248692893594086,0.10340967243816623,4.143134726391533,-2.269056777393343
231,GWRE,2022-08-11,81.06999969482422,-0.010134332302697446,0.0413223132478977,0.011101536070887263,Guidewire,SF Bay Area,Finance,,0.02,Post-IPO,United States,-0.0007054739583503,0.017322368774566943,-0.009428858344347146,,
232,HCP,2023-01-11,28.799999237060547,0.04499273567296358,0.0411786996925978,0.02430558269038685,HashiCorp,SF Bay Area,Security,69.0,,Post-IPO,United States,0.012849424614881588,0.0034159058663651987,0.03214331105808199,4.23410650459726,-3.4375509041257466
233,XM,2023-01-11,10.619999885559082,-0.004686053456170902,-0.0018708610733771946,0.010357783226233597,Qualtrics,Salt Lake City,Other,270.0,0.05,Post-IPO,United States,0.012849424614881588,0.0034159058663651987,-0.01753547807105249,5.598421958998375,
234,HLFFF,2022-10-10,21.05599975585937,0.014746976185993743,0.0,-0.025930828899520364,HelloFresh,SF Bay Area,Food,611.0,,Post-IPO,United States,-0.00749246363390188,-0.006519175777754405,0.022239439819895623,6.415096959171596,-3.8058879978713107
235,METV,2022-10-10,7.374286651611328,-0.018616960012305728,0.0,-0.018970255415454274,Momentive,SF Bay Area,Marketing,180.0,0.11,Post-IPO,United States,-0.00749246363390188,-0.006519175777754405,-0.011124496378403848,5.19295685089021,
236,HOOD,2022-04-26,10.0,-0.03753612419978325,0.012670576173572368,-0.04899997711181636,Robinhood,SF Bay Area,Finance,340.0,0.09,Post-IPO,United States,-0.028146308431003852,0.0020980468517017847,-0.009389815768779397,5.8289456176102075,
237,HUBS,2023-01-31,347.010009765625,-0.005673459194116992,-0.027449576981493085,0.062418959259241014,HubSpot,Boston,Marketing,500.0,0.07,Post-IPO,United States,0.014642470285510134,0.010452303944590291,-0.020315929479627126,6.214608098422191,
238,NATI,2023-01-31,53.71401596069336,-0.0046083004689100315,-0.004769733509537799,0.009074124799807182,National Instruments,Austin,Hardware,,0.04,Post-IPO,United States,0.014642470285510134,0.010452303944590291,-0.019250770754420166,,
239,NTAP,2023-01-31,65.70594787597656,0.010990675094513902,-0.0004577302913727488,0.01328706568929472,NetApp,SF Bay Area,Data,960.0,0.08,Post-IPO,United States,0.014642470285510134,0.010452303944590291,-0.003651795190996232,6.866933284461882,
240,PYPL,2023-01-31,81.48999786376953,0.02322951391636452,-0.02676283016500114,0.017425522586388187,PayPal,SF Bay Area,Finance,2000.0,0.07,Post-IPO,United States,0.014642470285510134,0.010452303944590291,0.008587043630854385,7.600902459542082,-4.757500766268901
241,UPST,2023-01-31,18.68000030517578,-0.0042643882052247895,-0.025454533564579718,0.08137047285499865,Upstart,SF Bay Area,Finance,365.0,0.2,Post-IPO,United States,0.014642470285510134,0.010452303944590291,-0.018906858490734924,5.8998973535824915,
242,WDAY,2023-01-31,181.42999267578125,0.028048487466445282,-0.006641944783557285,0.02149594506263819,Workday,SF Bay Area,HR,525.0,0.03,Post-IPO,United States,0.014642470285510134,0.010452303944590291,0.013406017180935148,6.263398262591624,-4.312051629461697
243,WISH,2023-01-31,20.63999938964844,0.0749999254941971,-0.06432746907297471,0.039244253742432234,Wish,SF Bay Area,Retail,150.0,0.17,Post-IPO,United States,0.014642470285510134,0.010452303944590291,0.06035745520868696,5.0106352940962555,-2.807470806198444
244,INTU,2020-06-22,288.6347351074219,0.027242279621759513,-0.0031683260933371704,-0.0009858338717674275,Intuit,SF Bay Area,Finance,715.0,0.07,Post-IPO,United States,0.006495095537691675,0.004307419569164139,0.020747184084067838,6.5722825426940075,-3.875344748306341
245,ISPO,2020-03-16,,,,,Inspirato,Denver,Travel,130.0,0.22,Series C,United States,-0.11984055240393443,0.05995484974402432,,4.867534450455582,
246,KD,2023-03-30,14.460000038146973,0.011896436441410696,0.014194450468363096,0.0207469011025887,Kyndryl,New York City,Infrastructure,,,Post-IPO,United States,0.005715269388667954,0.014436542471763847,0.006181167052742742,,-5.0862481818553436
247,ROKU,2023-03-30,61.619998931884766,-0.0358316526520861,0.054620486083090336,0.06815970197568766,Roku,SF Bay Area,Media,200.0,0.06,Post-IPO,United States,0.005715269388667954,0.014436542471763847,-0.04154692204075405,5.298317366548036,
248,TREE,2023-03-30,24.96999931335449,-0.037394032410661526,0.02166211727572609,0.06768124071007775,LendingTree,Charlotte,Finance,150.0,0.13,Post-IPO,United States,0.005715269388667954,0.014436542471763847,-0.04310930179932948,5.0106352940962555,
249,KERN,2020-09-02,102.8000030517578,-0.08703370830520596,-0.06942150021387528,-0.050583700615442595,Akerna,Denver,Logistics,,,Post-IPO,United States,0.015365910154807594,-0.03512584371534122,-0.10239961846001355,,
250,KERN,2022-05-27,8.460000038146973,0.03422979492971723,0.048717962198551845,0.0,Akerna,Denver,Logistics,,,Unknown,United States,0.02474226295510973,-0.006274368617659065,0.0094875319746075,,-4.657776766083459
251,LCID,2023-03-28,7.550000190734863,-0.0724815881699401,-0.0061049132627925,0.019867498641171988,Lucid Motors,SF Bay Area,Transportation,1300.0,0.18,Post-IPO,United States,-0.0015738434957162095,0.014237268879836451,-0.0709077446742239,7.170119543449628,
252,LIDR,2023-03-28,0.3019999861717224,-0.028938918461226537,-0.04307692025540122,-0.026490022438584004,AEye,SF Bay Area,Transportation,46.0,0.33,Post-IPO,United States,-0.0015738434957162095,0.014237268879836451,-0.027365074965510328,3.828641396489095,
253,LFLY,2022-10-18,0.6980000138282776,-0.014124280229720343,0.08256883994867437,0.037249230327286664,Leafly,Seattle,Retail,56.0,0.21,Post-IPO,United States,0.011427569666488724,-0.0066720972934503076,-0.025551849896209067,4.02535169073515,
254,LHDXQ,2023-02-24,0.1400000005960464,0.13821135552043495,-0.4605263011703753,0.0,Lucira Health,SF Bay Area,Healthcare,26.0,,Post-IPO,United States,-0.010537551485558128,0.0030730045671669703,0.14874890700599308,3.258096538021482,-1.9054955824422637
255,LMND,2022-04-20,22.239999771118164,-0.05722765463066892,0.04891064440482373,-0.04901079873226477,Lemonade,New York City,Finance,52.0,,Post-IPO,United States,-0.0006184750715809706,-0.014752948498371943,-0.05660917955908795,3.9512437185814275,
256,LPSN,2022-09-15,11.859999656677246,-0.002523186356538365,-0.005852817274327071,-0.07166943106249213,LivePerson,New York City,Support,193.0,0.11,Post-IPO,United States,-0.011317739184353415,-0.007182134089448455,0.00879455282781505,5.262690188904886,-4.733622745994813
257,LTCH,2020-04-02,,,,,Latch,New York City,Security,60.0,,Series B,United States,0.02282934723487151,-0.015137125124949469,,4.0943445622221,
258,LTCH,2022-05-20,2.190000057220459,-0.009049764968910634,-0.004504500150622315,0.0,Latch,New York City,Security,130.0,0.28,Post-IPO,United States,0.00014614176965843662,0.018555039930923556,-0.00919590673856907,4.867534450455582,
259,SKLZ,2022-05-20,1.830000042915344,-0.056701036629203894,0.08988769011370557,0.0,Skillz,SF Bay Area,Consumer,70.0,0.1,Post-IPO,United States,0.00014614176965843662,0.018555039930923556,-0.05684717839886233,4.248495242049359,
260,LVOX,2023-01-17,2.5799999237060547,-0.01901147853960916,0.0,-0.023255792462719804,LiveVox,SF Bay Area,Support,,0.16,Post-IPO,United States,-0.0020304911890052235,-0.015562598500411085,-0.016980987350603938,,
261,ORCL,2023-01-17,88.23052215576172,-0.006726521912515215,0.0,-0.02133174041949404,Oracle,SF Bay Area,Other,,,Post-IPO,United States,-0.0020304911890052235,-0.015562598500411085,-0.004696030723509992,,
262,RNG,2023-01-17,36.5,0.0066189103578713215,0.0,-0.004383557463345511,RingCentral,SF Bay Area,Other,30.0,,Post-IPO,United States,-0.0020304911890052235,-0.015562598500411085,0.008649401546876545,3.4011973816621555,-4.750265145763956
263,U,2023-01-17,32.380001068115234,0.025657313307602347,0.0,-0.05250156599325917,Unity,SF Bay Area,Other,284.0,0.03,Post-IPO,United States,-0.0020304911890052235,-0.015562598500411085,0.02768780449660757,5.648974238161206,-3.586763233617118
264,LYFT,2020-04-29,34.060001373291016,0.04031764285743411,-0.04603723864821885,-0.03611272732363602,Lyft,SF Bay Area,Transportation,982.0,0.17,Post-IPO,United States,0.026583916282167053,-0.009212446303987654,0.013733726575267058,6.889591308354466,-4.287900677583327
265,LYFT,2022-07-20,14.699999809265137,0.07613469791143923,0.01864280408983343,-0.03605440407129423,Lyft,SF Bay Area,Transportation,60.0,0.02,Post-IPO,United States,0.005895806193263242,0.00986137270919718,0.07023889171817599,4.0943445622221,-2.6558531082795303
266,META,2023-03-14,194.0200042724609,0.07252631740542848,0.0077432980457003975,0.019224799739211873,Meta,SF Bay Area,Consumer,10000.0,,Post-IPO,United States,0.016476655480623936,-0.00698088356543769,0.05604966192480454,9.210340371976184,-2.8815171611537993
267,SSNLF,2023-03-14,40.59989929199219,0.0,0.0,0.0,Samsung,SF Bay Area,Hardware,30.0,,Post-IPO,United States,0.016476655480623936,-0.00698088356543769,-0.016476655480623936,3.4011973816621555,
268,MSFT,2022-07-12,251.7906646728516,-0.040981542907442714,-0.011768604610424949,-0.003744965640090303,Microsoft,Seattle,Other,,,Post-IPO,United States,-0.009243878717321574,-0.0044569025122100925,-0.03173766419012114,,
269,MSFT,2022-10-17,236.27069091796875,0.03924569255535171,0.0,0.004083701643400328,Microsoft,Seattle,Other,,,Post-IPO,United States,0.026480052302171098,0.011427569666488724,0.01276564025318061,,-4.360998072618923
270,NABL,2022-12-09,11.15999984741211,-0.007117431079635694,0.019963639221040275,0.0,N-able Technologies,Raleigh,Other,,,Post-IPO,United States,-0.007349578247904498,0.014279296218109305,0.00023214716826880366,,-8.368139041424111
271,NEWR,2020-06-29,67.45999908447266,-0.006041014373320053,-0.023453197890906052,0.021346019284748108,New Relic,Portland,Infrastructure,20.0,,Post-IPO,United States,0.014685678433118632,0.015409875731554612,-0.020726692806438685,2.995732273553991,
272,NEWR,2021-04-06,64.63999938964844,0.029955403416099147,-0.0022258060564290805,-0.02150370363201204,New Relic,SF Bay Area,Infrastructure,160.0,0.07,Post-IPO,United States,-0.0009735307519511682,0.001475232784985625,0.030928934168050315,5.075173815233827,-3.476063152366443
273,NEWR,2022-08-18,64.95999908447266,-0.03160409494205729,-0.006516511165391203,-0.02478449250373227,New Relic,SF Bay Area,Infrastructure,110.0,0.05,Post-IPO,United States,0.002269561170191503,-0.012900001139847905,-0.033873656112248796,4.700480365792417,
274,NFLX,2022-04-28,199.5200042724609,0.058237039234771526,-0.049697585250411125,-0.04591020181415284,Netflix,SF Bay Area,Media,25.0,,Post-IPO,United States,0.02474690007293945,-0.036284507106413955,0.03349013916183208,3.2188758248682006,-3.3965042368597222
275,NFLX,2022-05-17,190.55999755859372,0.021714670371776323,-0.006022196154807813,-0.07016160415869255,Netflix,SF Bay Area,Media,150.0,0.01,Post-IPO,United States,0.020169632234863677,-0.04039526078745259,0.0015450381369126465,5.0106352940962555,-6.47270668485122
276,NFLX,2022-06-23,181.7100067138672,0.015763918239366514,0.04669121500527007,0.05029992324000543,Netflix,SF Bay Area,Media,300.0,0.03,Post-IPO,United States,0.009532217409177868,0.03056329358583576,0.006231700830188647,5.703782474656201,-5.078105976991429
277,NFLX,2022-09-14,224.1199951171875,0.02746064319575403,-0.07779137526505964,0.050240987020088834,Netflix,SF Bay Area,Media,30.0,,Post-IPO,United States,0.0033870120853238816,-0.011317739184353415,0.02407363111043015,3.4011973816621555,-3.726638182294352
278,TWLO,2022-09-14,77.97000122070312,0.10018340904415335,-0.06318570631702758,-0.003591109079302268,Twilio,SF Bay Area,Other,800.0,0.11,Post-IPO,United States,0.0033870120853238816,-0.011317739184353415,0.09679639695882947,6.684611727667927,-2.3351455068920384
279,NLTX,2023-03-09,0.7200000286102295,0.35849069335275474,-0.009345896432088385,-0.12500004139211274,Neoleukin Therapeutics,Seattle,Healthcare,,0.7,Post-IPO,United States,-0.01845935787384867,-0.01447813845705137,0.3769500512266034,,-0.9756425904268272
280,NTRA,2022-11-22,35.41999816894531,0.0036836851812256377,-0.009264402758362489,0.05110111425352759,Natera,SF Bay Area,Healthcare,,,Post-IPO,United States,0.013579987927526016,0.0059146891478476515,-0.009896302746300378,,
281,WDC,2022-11-22,36.22999954223633,0.007788561150338547,-0.024688004133037067,0.021253118064934462,Western Digital,SF Bay Area,Hardware,251.0,,Post-IPO,United States,0.013579987927526016,0.0059146891478476515,-0.0057914267771874695,5.5254529391317835,
282,NVTA,2022-07-19,2.2100000381469727,-0.17228465355906242,-0.06315783661818375,0.05882347229791929,Invitae,SF Bay Area,Healthcare,1000.0,,Post-IPO,United States,0.02762829164595959,0.005895806193263242,-0.199912945205022,6.907755278982137,
283,OB,2022-07-26,5.260000228881836,-0.013133151186904057,0.015238080705915147,0.03231931407974975,Outbrain,New York City,Marketing,38.0,0.03,Post-IPO,United States,-0.01154320266205866,0.026156273782937722,-0.001589948524845397,3.6375861597263857,
284,OKTA,2022-08-26,93.4800033569336,-0.0516383925499585,0.020076606608178782,0.0,Okta,SF Bay Area,Security,24.0,,Post-IPO,United States,-0.03368805871951874,-0.006666355799502699,-0.017950333830439757,3.1780538303479458,
285,OPAD,2022-11-11,0.9570000171661376,0.22535210622661683,0.13188408814265795,0.0,Offerpad,Phoenix,Real Estate,,0.07,Post-IPO,United States,0.009240746788147902,-0.008935777048800997,0.21611135943846893,,-1.531961451193863
286,OPEN,2022-11-02,2.289999961853028,-0.061475447479417134,-0.0579150046022151,0.02183404067650052,Opendoor,SF Bay Area,Real Estate,550.0,0.18,Post-IPO,United States,-0.02500198485734284,-0.010585992315429671,-0.03647346262207429,6.309918278226516,
287,ORCL,2022-08-01,76.4360580444336,-0.005138735634101499,0.0,-0.014075481600422934,Oracle,SF Bay Area,Other,,,Post-IPO,United States,-0.0028230841271976725,-0.006662395550704803,-0.0023156515069038264,,
288,ORCL,2022-11-01,76.5015869140625,-0.012296627322239906,0.009177885081351533,-0.025807362681725454,Oracle,SF Bay Area,Other,200.0,,Post-IPO,United States,-0.004101230608784645,-0.02500198485734284,-0.00819539671345526,5.298317366548036,
289,UPST,2022-11-01,22.170000076293945,-0.043572054166725604,-0.02111486459274725,-0.07848442783627774,Upstart,SF Bay Area,Finance,140.0,0.07,Post-IPO,United States,-0.004101230608784645,-0.02500198485734284,-0.03947082355794096,4.941642422609304,
290,OUST,2020-09-08,,,,,Ouster,SF Bay Area,Transportation,,0.1,Series B,United States,-0.027756342102360998,0.02014498633677464,,,
291,OWLT,2022-07-22,2.0,-0.06103291429871138,0.05445551215498057,0.0,Owlet,Lehi,Healthcare,,,Post-IPO,United States,-0.00933246697634671,0.0013151670479691902,-0.05170044732236467,,
292,PD,2023-01-24,26.520000457763672,-0.08139938736254393,0.036252699452797854,0.030920048290729474,PagerDuty,SF Bay Area,Product,,0.07,Post-IPO,United States,-0.0007115031258156934,-0.0001817250594663422,-0.08068788423672824,,
293,VCSA,2023-01-24,1.6699999570846558,0.03086416800562497,0.058823552327814665,-0.005988018395350125,Vacasa,Portland,Travel,1300.0,0.17,Post-IPO,United States,-0.0007115031258156934,-0.0001817250594663422,0.031575671131440664,7.170119543449628,-3.4553683558189547
294,PEAR,2022-07-25,1.5,0.05633806009374043,0.0,0.039999961853027344,Pear Therapeutics ,Boston,Healthcare,25.0,0.09,Post-IPO,United States,0.0013151670479691902,-0.01154320266205866,0.05502289304577124,3.2188758248682006,-2.900005943156496
295,PEGA,2023-01-03,34.58738708496094,0.010805972432167188,0.0,0.01820296207866967,Pegasystems,Boston,HR,245.0,0.04,Post-IPO,United States,-0.004000548879248611,0.007538970575044379,0.014806521311415799,5.501258210544727,-4.212687566110868
296,PLTR,2023-02-27,8.029999732971191,-0.007416615387517145,0.0,-0.02366121876731353,Palantir,Denver,Data,75.0,0.02,Post-IPO,United States,0.0030730045671669703,-0.0030360018281855305,-0.010489619954684115,4.31748811353631,
297,PTON,2022-02-08,37.27000045776367,0.25277312463071167,0.2093495747426728,0.04024684683596602,Peloton,New York City,Fitness,2800.0,0.2,Post-IPO,United States,0.008401207191663262,0.014517207887505545,0.2443719174390484,7.937374696163295,-1.4090639623822248
298,PTON,2022-10-06,8.829999923706055,0.04004713330435239,-0.0417607110492646,-0.015855078655991006,Peloton,New York City,Fitness,500.0,0.12,Post-IPO,United States,-0.010245080846639998,-0.028003617786773516,0.05029221415099239,6.214608098422191,-2.9899050021080296
299,PYPL,2022-05-23,81.18000030517578,0.007946354387550647,0.0,-0.031165296498965045,PayPal,SF Bay Area,Finance,83.0,,Post-IPO,United States,0.018555039930923556,-0.008120797617175213,-0.010608685543372909,4.418840607796598,
300,QCOM,2022-12-22,110.00801849365234,-0.03412165215032803,0.022212326886887013,0.0014455955282801636,Qualcomm,San Diego,Hardware,153.0,,Post-IPO,United States,-0.01445169956861636,0.005868102525282026,-0.01966995258171167,5.030437921392435,
301,QNGYQ,2022-12-14,0.0740000009536743,-0.31481482375755543,-0.5909090780809563,0.08108104298461338,Quanergy Systems,SF Bay Area,Transportation,72.0,,Post-IPO,United States,-0.006052724634100337,-0.024921675023714007,-0.3087620991234551,4.276666119016055,
302,RDFN,2020-04-07,16.549999237060547,0.015337424030768432,0.22005985448614185,0.042296120556424954,Redfin,Seattle,Real Estate,236.0,0.07,Post-IPO,United States,-0.0016030527844311804,0.03405645287963033,0.016940476815199612,5.4638318050256105,-4.078049442858039
303,SAGE,2020-04-07,29.030000686645508,0.02326400521283678,0.09325626224065764,0.03375816462474823,Sage Therapeutics,Boston,Healthcare,340.0,0.53,Post-IPO,United States,-0.0016030527844311804,0.03405645287963033,0.02486705799726796,5.8289456176102075,-3.6942113234088114
304,REAL,2020-04-14,7.989999771118164,-0.0012500286102294922,-0.01960782480441492,0.0851064236114012,The RealReal,SF Bay Area,Retail,235.0,0.1,Post-IPO,United States,0.030572589146256046,-0.022030438529415775,-0.03182261775648554,5.459585514144159,
305,SKLZ,2020-04-14,,,,,Skillz,SF Bay Area,Consumer,21.0,,Series D,United States,0.030572589146256046,-0.022030438529415775,,3.044522437723423,
306,RENT,2022-09-12,4.929999828338623,0.10044638556903429,0.0,-0.38742391763039197,Rent the Runway,New York City,Retail,,0.24,Post-IPO,United States,0.0105842727693497,-0.0432366134006168,0.08986211279968459,,-2.409478863490059
307,RGTI,2023-02-10,1.190000057220459,0.12264162401747924,-0.23741010526008854,0.0,Rigetti Computing,SF Bay Area,Hardware,,0.28,Post-IPO,United States,0.0021952617756952897,0.011448609342766147,0.12044636224178396,,-2.1165507517738913
308,RIVN,2020-06-02,,,,,Rivian,Detroit,Transportation,40.0,0.02,Private Equity,United States,0.008210832780053412,0.013648979133831007,,3.6888794541139363,
309,RIVN,2022-07-27,32.0099983215332,0.010097752669069315,-0.014920660932802088,0.05732592925303304,Rivian,Detroit,Transportation,840.0,0.06,Post-IPO,United States,0.026156273782937722,0.012133338697180918,-0.016058521113868407,6.733401891837359,
310,ROKU,2022-11-17,56.40999984741211,-0.008263031151147238,-0.03707463412939338,-0.01347275879434462,Roku,SF Bay Area,Media,200.0,0.07,Post-IPO,United States,-0.0030893228355314273,0.00475858190881473,-0.00517370831561581,5.298317366548036,
311,ROOT,2022-01-20,41.040000915527344,-0.042016788763989066,-0.04032256410554402,-0.16666666666666663,Root Insurance,Columbus,Finance,330.0,,Post-IPO,United States,-0.01103737849414832,-0.018914821867908604,-0.030979410269840746,5.799092654460526,
312,RUBY,2022-09-13,0.9269999861717224,-0.13364491520599087,-0.04464281437804518,-0.20172597564671202,Rubius,Boston,Healthcare,160.0,0.75,Post-IPO,United States,-0.0432366134006168,0.0033870120853238816,-0.09040830180537407,5.075173815233827,
313,TBLA,2022-09-13,2.430000066757202,-0.0433070459637237,-0.007812492724042053,-0.012345666899427066,Taboola,New York City,Marketing,100.0,0.06,Post-IPO,United States,-0.0432366134006168,0.0033870120853238816,-7.04325631069036e-05,4.605170185988092,
314,SBIG,2022-12-01,0.8500000238418579,0.039119809923852555,-0.01682692101037897,0.0,Springbig,Miami,Sales,37.0,0.23,Post-IPO,United States,-0.0008676332180498347,-0.001194660488065602,0.03998744314190239,3.6109179126442243,-3.2191897956042945
315,SQZ,2022-12-01,1.7799999713897705,-0.2908366620904864,0.0,-0.12921349593837872,SQZ Biotech,Boston,Healthcare,,0.6,Post-IPO,United States,-0.0008676332180498347,-0.001194660488065602,-0.2899690288724366,,
316,SYBX,2022-12-01,0.6899999976158142,0.15384616918051086,0.005041951650317289,0.14347822819405098,Synlogic,Boston,Healthcare,,0.25,Post-IPO,United States,-0.0008676332180498347,-0.001194660488065602,0.1547138023985607,,-1.866178304965693
317,SEZNL,2022-03-10,1.0199999809265137,-0.07272731016490008,-0.11290321340173892,-0.26470586860331125,Sezzle,Minneapolis,Finance,,0.2,Post-IPO,United States,-0.004291813651667864,-0.012961545123475138,-0.06843549651323222,,
318,SFIX,2020-06-01,23.6200008392334,0.021626296792841337,-0.0017270729033782573,0.02497875631990909,Stitch Fix,SF Bay Area,Retail,1400.0,0.18,Post-IPO,United States,0.003751234813537785,0.008210832780053412,0.017875061979303553,7.24422751560335,-4.024348723034452
319,SFIX,2022-06-09,7.78000020980835,-0.10471799936897264,0.05461162885494497,-0.18508997665643145,Stitch Fix,SF Bay Area,Retail,330.0,0.15,Post-IPO,United States,-0.02379869397635359,-0.029110303335524668,-0.08091930539261905,5.799092654460526,
320,SG,2020-04-17,,,,,Sweetgreen,Los Angeles,Food,35.0,0.1,Series I,United States,0.026793594848223412,-0.01788104803401469,,3.5553480614894135,
321,SIRI,2023-03-06,4.300000190734863,0.01176475076114425,0.0,-0.05581400867666164,SiriusXM,New York City,Media,475.0,0.08,Post-IPO,United States,0.0006871667698291617,-0.015326919115337678,0.011077583991315088,6.163314804034641,-4.502831672764999
322,SKLZ,2022-08-29,1.3700000047683716,-0.0352112350897088,0.0,-0.029197052345843022,Skillz,SF Bay Area,Consumer,,,Post-IPO,United States,-0.006666355799502699,-0.011028155571448206,-0.028544879290206104,,
323,SNPS,2023-01-27,357.2699890136719,0.001682158755572205,0.021187117836719782,0.0,Synopsys,SF Bay Area,Other,100.0,,Post-IPO,United States,0.002494840970949097,-0.012968740984683369,-0.000812682215376892,4.605170185988092,
324,SOFI,2020-05-20,,,,,SoFi,SF Bay Area,Finance,112.0,0.07,Private Equity,United States,0.01665110025908012,-0.007773596407737116,,4.718498871295094,
325,SOND,2020-03-24,,,,,Sonder,SF Bay Area,Travel,400.0,0.33,Series D,United States,0.09382773976227554,0.011535011448221999,,5.991464547107982,
326,SOND,2022-06-08,1.950000047683716,0.06557377155970001,0.011049779429876505,-0.0871795241727702,Sonder,SF Bay Area,Travel,250.0,0.21,Post-IPO,United States,-0.010793945785935621,-0.02379869397635359,0.07636771734563563,5.521460917862246,-2.572195219940148
327,SOND,2023-03-01,1.0099999904632568,-0.019417457749564604,-0.037383251496717174,-0.13366335815640584,Sonder,SF Bay Area,Travel,100.0,0.14,Post-IPO,United States,-0.004725264845680033,0.0075821940867943916,-0.014692192903884571,4.605170185988092,
328,TWKS,2023-03-01,7.610000133514404,0.03396739068816079,-0.172103504018144,0.014454619546300451,Thoughtworks,Chicago,Other,500.0,0.04,Post-IPO,United States,-0.004725264845680033,0.0075821940867943916,0.038692655533840825,6.214608098422191,-3.2521054764441235
329,SPLK,2020-06-16,184.1499938964844,0.014600517336002206,0.014646662822398238,-0.0019549314270080886,Splunk,SF Bay Area,Data,70.0,0.01,Post-IPO,United States,0.01896239819380252,-0.0036002995561740248,-0.004361880857800315,4.248495242049359,
330,STRYQ,2022-10-20,1.100000023841858,-0.1666666817183441,-0.057142803620318094,-0.2272727223467237,Starry,Boston,Other,,0.5,Post-IPO,United States,-0.007950909706564868,0.02372481982226482,-0.15871577201177922,,
331,STX,2022-10-26,52.0631103515625,-0.07948277952922345,0.030012358912832715,-0.026784081397229986,Seagate,SF Bay Area,Hardware,3000.0,0.08,Post-IPO,United States,-0.007387716072364547,-0.006082610618211248,-0.0720950634568589,8.006367567650246,
332,Z,2022-10-26,30.670000076293945,-0.01730211547642646,0.07177191569388297,-0.0013042359122216185,Zillow,Seattle,Real Estate,300.0,0.05,Post-IPO,United States,-0.007387716072364547,-0.006082610618211248,-0.009914399404061913,5.703782474656201,
333,TASK,2022-06-21,15.270000457763672,-0.014202667308277905,0.0,0.009823157435074448,TaskUs,Los Angeles,Support,52.0,0.0,Post-IPO,United States,0.024477242280086964,-0.0013015723144006452,-0.03867990958836487,3.9512437185814275,
334,TASK,2023-02-22,19.5,0.031200431377509164,-0.03323106524936492,0.07384618123372388,TaskUs,San Antonio,Support,186.0,,Post-IPO,United States,-0.0015735561458868341,0.005329429416074394,0.032773987523396,5.225746673713202,-3.418120141544209
335,TDUP,2021-02-09,,,,,ThredUp,Chicago,Retail,243.0,,Series F,United States,-0.0011135249921484514,-0.00034518493235935477,,5.493061443340548,
336,TLIS,2022-03-15,1.690000057220459,0.04320990879385578,-0.04705884745376676,-0.23076928502926064,Talis Biomedical,SF Bay Area,Healthcare,,0.25,Post-IPO,United States,0.021408574170870942,0.02238376135718223,0.021801334622984836,,-3.8257840898232005
337,TRUE,2020-05-28,2.6600000858306885,-0.053380733097267874,0.06844099639017975,0.015037579158775127,TrueCar,Los Angeles,Transportation,219.0,0.3,Post-IPO,United States,-0.0021079145460738413,0.004812335824971425,-0.05127281855119403,5.389071729816501,
338,TSLA,2022-06-03,234.51666259765625,-0.09219359988526965,0.04677398003874078,0.0,Tesla,Austin,Transportation,,0.1,Post-IPO,United States,-0.016347313992415624,0.003137400778913113,-0.07584628589285403,,
339,TSP,2022-12-21,1.4199999570846558,-0.0596026714880904,-0.05031449134334398,-0.11267603623727451,TuSimple,San Diego,Transportation,350.0,0.25,Post-IPO,United States,0.014867993802734736,-0.01445169956861636,-0.07447066529082513,5.857933154483459,
340,TTWO,2023-03-07,116.87999725341795,0.010111469866067146,-0.00848327240495661,-0.004876794218161451,Take-Two Interactive,New York City,Consumer,,,Post-IPO,United States,-0.015326919115337678,0.0014147940136839399,0.025438388981404825,,-3.671495868718045
341,TWLO,2023-02-13,61.31999969482422,0.020809056206932297,0.0,0.012720136711982244,Twilio,SF Bay Area,Other,1500.0,0.17,Post-IPO,United States,0.011448609342766147,-0.0002804145319874607,0.00936044686416615,7.313220387090301,-4.671262247734152
342,U,2022-06-29,39.52000045776367,-0.02803736827168224,-0.08340849215579238,-0.06831985657047335,Unity,SF Bay Area,Other,200.0,0.04,Post-IPO,United States,-0.0007117454091590814,-0.008759278267998716,-0.027325622862523158,5.298317366548036,
343,UBER,2020-05-06,27.81999969482422,-0.008906305761239408,0.023705310602541996,0.11179010224540598,Uber,SF Bay Area,Transportation,3700.0,0.14,Post-IPO,United States,-0.006979410390386298,0.011504630788313985,-0.00192689537085311,8.216088098632316,
344,UBER,2020-05-18,33.619998931884766,0.03541723646281825,-0.009759063308616311,-0.006543647025438082,Uber,SF Bay Area,Transportation,3000.0,0.13,Post-IPO,United States,0.03150119163168075,-0.010484399194493177,0.0039160448311375,8.006367567650246,-5.542673106182902
345,UBER,2020-05-26,34.560001373291016,-0.00775195071976531,0.016637581361562015,0.009259250061012025,Uber,Bengaluru,Transportation,600.0,0.23,Post-IPO,India,0.012289184036080147,0.014827297215913804,-0.020041134755845458,6.396929655216146,
346,UBER,2020-06-12,32.2400016784668,0.036655989807521605,-0.10709162370067016,0.013337359432140206,Uber,Amsterdam,Transportation,225.0,0.25,Post-IPO,Netherlands,0.013060843963234703,0.008312217041285264,0.023595145844286902,5.41610040220442,-3.746714272670658
347,UBER,2022-09-07,30.030000686645508,0.0394600664964202,-0.0055077401588357056,0.021645008447147118,Uber,Vilnius,Transportation,60.0,,Post-IPO,Lithuania,0.018341016392734,0.006610721877456038,0.0211190501036862,4.0943445622221,-3.8575797973067556
348,UDMY,2023-02-14,12.600000381469728,0.04304639578210678,0.03513280588960521,-0.048412745387584666,Udemy,SF Bay Area,Education,,0.1,Post-IPO,United States,-0.0002804145319874607,0.002773175690496066,0.043326810314094244,,-3.1389836597388343
349,VCSA,2020-03-20,,,,,Vacasa,Portland,Travel,,,Series C,United States,-0.04335951230846191,-0.02929386782180443,,,
350,VMEO,2022-07-18,6.139999866485596,0.025041753105013997,0.0,0.008143353716957291,Vimeo,New York City,Consumer,,0.06,Post-IPO,United States,-0.008363571580831342,0.02762829164595959,0.03340532468584534,,-3.39903996997388
351,VRM,2022-05-09,1.0800000429153442,-0.19999998233936478,0.0,0.32407397289335393,Vroom,New York City,Transportation,270.0,0.14,Post-IPO,United States,-0.03203710063235676,0.0024578974498534745,-0.16796288170700802,5.598421958998375,
352,W,2022-08-19,57.0099983215332,-0.2008690601620674,0.026770191293771894,0.0,Wayfair,Boston,Retail,870.0,0.05,Post-IPO,United States,-0.012900001139847905,-0.0214000649197158,-0.1879690590222195,6.76849321164863,
353,WE,2020-09-23,,,,,WeWork ,Shenzen,Real Estate,,,Series H,China,-0.023721455093028143,0.0029874591429570607,,,
354,WISH,2022-03-01,68.0999984741211,-0.04219409373253269,0.04405286442319145,-0.057268746156594386,Wish,SF Bay Area,Retail,190.0,0.15,Post-IPO,United States,-0.015473503680411893,0.018642691757321028,-0.026720590052120796,5.247024072160486,
355,XIACF,2022-12-19,1.399999976158142,-0.0070921919858044635,0.0,-0.0321428270364289,Xiaomi,Beijing,Consumer,,,Post-IPO,United States,-0.009007516001852345,0.0010373383615349674,0.0019153240160478813,,-6.257868471681444
356,YELP,2020-07-13,22.739999771118164,-0.017710576853916304,0.037186377018568084,0.015391397756927772,Yelp,SF Bay Area,Consumer,63.0,,Post-IPO,United States,-0.009362541127788226,0.013406370782667931,-0.008348035726128078,4.143134726391533,
357,Z,2021-11-02,87.19999694824219,-0.10241898529446991,-0.0625301157896665,-0.24919720743152052,Zillow,Seattle,Real Estate,2000.0,0.25,Post-IPO,United States,0.0036803630854131963,0.006461279195357994,-0.10609934837988311,7.600902459542082,
358,ZS,2023-03-02,134.1300048828125,0.04430085902561398,-0.02066329836978187,-0.1110117533511773,Zscaler,SF Bay Area,Security,177.0,0.03,Post-IPO,United States,0.0075821940867943916,0.0161477371607488,0.03671866493881959,5.176149732573829,-3.304470071766094
